priority_tier,priority_rank,site_name,domain,opt_out_url,category,parent_network,free_opt_out,source_repos,notes,skip_reason
T1,1,Whitepages (411.com),whitepages.com,https://www.whitepages.com/suppression-requests,people-search,Whitepages,yes,eraser;optery;yael,aliases: 411.com; White Pages; Whitepages || optery_tier=Ultimate | crucial;requires_phone;charges_money,
T1,2,Spokeo,spokeo.com,https://www.spokeo.com/optout,people-search,Spokeo,yes,eraser;optery;yael,aliases: Free People Directory; FreePeopleDirectory; Spokeo || optery_tier=Core | crucial;charges_money,
T1,3,BeenVerified (PeopleSmart / PeopleLooker),beenverified.com,https://www.beenverified.com/app/optout/search,people-search,BeenVerified,yes,eraser;optery;yael,aliases: Bumper; PeopleLooker; PeopleSmart || optery_tier=Extended | crucial,
T1,4,PeopleConnect (Intelius / Instant Checkmate / TruthFinder / ZabaSearch / AnyWho),peopleconnect.us,https://suppression.peopleconnect.us/login,people-search,PeopleConnect,yes,eraser;optery;yael,"aliases: Addresses.com; AnyWho; Classmates.com; Instant Checkmate; InstantCheckmate; Intelius; PeopleConnect, Inc.; TruthFinder; US Search; USSearch; ZabaSearch || optery_tier=Ultimate | optery_tier=Core | optery_tier=Custom Removals | crucial",
T1,5,TruePeopleSearch,truepeoplesearch.com,https://www.truepeoplesearch.com/removal,people-search,,yes,eraser;optery;yael,aliases: TruePeopleSearch.com || optery_tier=Ultimate,
T1,6,FastPeopleSearch,fastpeoplesearch.com,https://www.fastpeoplesearch.com/optout,people-search,,yes,eraser;optery;yael,aliases: FastPeopleSearch.com || optery_tier=Ultimate | high_priority,
T1,7,That's Them,thatsthem.com,https://thatsthem.com/optout,people-search,,yes,eraser;optery;yael,aliases: That’s Them || optery_tier=Core | crucial,
T1,8,FamilyTreeNow,familytreenow.com,https://www.familytreenow.com/optout,people-search,,yes,eraser;optery;yael,optery_tier=Ultimate | high_priority,
T1,9,PeopleFinders,peoplefinders.com,https://www.peoplefinders.com/opt-out,people-search,PeopleFinders,yes,optery,optery_tier=Ultimate,
T1,10,SmartBackgroundChecks,smartbackgroundchecks.com,https://www.smartbackgroundchecks.com/optout,people-search,PeopleFinders,yes,optery;yael,optery_tier=Ultimate | crucial,
T1,11,MyLife,mylife.com,https://www.mylife.com/privacyrequest,people-search,,yes,eraser;optery;yael,optery_tier=Core | crucial;requires_phone,
T1,12,USPhoneBook,usphonebook.com,https://www.usphonebook.com/opt-out,people-search,,yes,eraser;optery;yael,optery_tier=Ultimate | high_priority,
T1,13,Radaris,radaris.com,https://radaris.com/control-privacy,people-search,,yes,optery;yael,optery_tier=Ultimate | crucial,
T1,14,Nuwber,nuwber.com,https://nuwber.com/removal/link,people-search,,yes,eraser;optery;yael,optery_tier=Ultimate | crucial,
T1,15,CheckPeople,checkpeople.com,https://checkpeople.com/opt-out,people-search,,yes,optery;yael,optery_tier=Extended | crucial,
T1,16,CyberBackgroundChecks,cyberbackgroundchecks.com,https://www.cyberbackgroundchecks.com/removal,people-search,,yes,optery;yael,aliases: Cyber Background Checks || optery_tier=Ultimate,
T1,17,InfoTracer,infotracer.com,https://infotracer.com/optout/,people-search,InfoTracer,yes,optery;yael,optery_tier=Ultimate,
T1,18,SearchPeopleFree,searchpeoplefree.com,https://www.searchpeoplefree.com/opt-out,people-search,,yes,eraser;optery;yael,optery_tier=Ultimate,
T1,19,USA People Search,usa-people-search.com,https://www.usa-people-search.com/removal,people-search,,yes,optery;yael,optery_tier=Ultimate,
T1,20,PeopleSearchNow,peoplesearchnow.com,https://www.peoplesearchnow.com/opt-out,people-search,,yes,optery;yael,optery_tier=Ultimate,
T1,21,AdvancedBackgroundChecks,advancedbackgroundchecks.com,https://www.advancedbackgroundchecks.com/opt-out,people-search,,yes,eraser;optery;yael,optery_tier=Ultimate | high_priority,
T1,22,Veripages,veripages.com,https://veripages.com/inner/control-privacy,people-search,,yes,optery;yael,optery_tier=Ultimate,
T1,23,Clustal,clustal.org,https://www.clustal.org/privacy-control,people-search,,yes,yael,crucial,
T1,24,PrivateEye,privateeye.com,https://www.privateeye.com/removal,people-search,,yes,optery;yael,optery_tier=Ultimate,
T2,25,411.info,411.info,https://411.info/manage/,people-search,,yes,optery,optery_tier=Ultimate,Other people-search with opt-out URL
T2,26,Adstra (American List Counsel),adstradata.com,https://privacyportal.onetrust.com/webform/3d2d5e0c-bd98-46b8-906c-ede68a6f6a80/f54a1b10-bb5d-4c99-9521-3e08dc527583,people-search,,yes,optery,optery_tier=Core,Other people-search with opt-out URL
T2,27,AlarmsCalifornia,alarmscalifornia.org,http://www.alarmscalifornia.org/about,people-search,,yes,optery,optery_tier=Core,Other people-search with opt-out URL
T2,28,"Amedisys, Inc.",amedisys.com,https://cdn.amedisys.com/userfiles/CCPA%20Request%20Form.pdf,Profile Data Broker,,yes,optery,optery_tier=Custom Removals,Other people-search with opt-out URL
T2,29,AmericaPhonebook,americaphonebook.com,http://www.americaphonebook.com/contact.php,people-search,,yes,optery,optery_tier=Core,Other people-search with opt-out URL
T2,30,Areacode-Lookup,areacode-lookup.com,https://www.areacode-lookup.com/optout,people-search,,yes,optery,optery_tier=Core,Other people-search with opt-out URL
T2,31,ArrestWarrant.org,arrestwarrant.org,https://ms.arrestwarrant.org/InfoPayOpt-OutNew.pdf,people-search,,yes,optery,optery_tier=Extended,Other people-search with opt-out URL
T2,32,AtData,atdata.com,https://instantdata.atdata.com/optout,people-search,,yes,optery,optery_tier=Core,Other people-search with opt-out URL
T2,33,Background Hawk,backgroundhawk.com,https://www.truthfinder.com/opt-out/v2/submit/,people-search,PublicRecordsNow/TruthFind-adjacent,yes,optery,optery_tier=Ultimate,Other people-search with opt-out URL
T2,34,BackgroundCheckers,backgroundcheckers.net,https://www.backgroundcheckers.net/api/helper/optOutLight/search,people-search,,yes,optery,optery_tier=Core,Other people-search with opt-out URL
T2,35,California Criminal Records Search,californiacriminalrecords.org,https://californiacriminalrecords.org/contact,people-search,,yes,optery,optery_tier=Extended,Other people-search with opt-out URL
T2,36,CallApp Software Ltd.,callapp.com,https://callapp.com/support/can-i-wipe-my-information-from-callapp-2,people-search,,yes,optery,optery_tier=Custom Removals,Other people-search with opt-out URL
T2,37,CallerCenter.com,callercenter.com,https://www.callercenter.com/remove_name.htm,people-search,,yes,optery,optery_tier=Custom Removals,Other people-search with opt-out URL
T2,38,CallerSmart,callersmart.com,https://www.callersmart.com/data,people-search,,yes,optery,optery_tier=Extended,Other people-search with opt-out URL
T2,39,Centeda,centeda.com,https://centeda.com/ng/control/privacy,people-search,,yes,eraser,,Other people-search with opt-out URL
T2,40,Checksecrets,checksecrets.com,https://www.checksecrets.com/api/helper/optOutLight/search,people-search,,yes,optery,optery_tier=Core,Other people-search with opt-out URL
T2,41,City-Data.com,city-data.com,https://www.city-data.com/delrequest/form.php,people-search,,yes,optery,optery_tier=Core,Other people-search with opt-out URL
T2,42,Clustermaps.NET,clustermaps.net,https://clustermaps.net/opt-out/,people-search,,yes,optery,optery_tier=Extended,Other people-search with opt-out URL
T2,43,ClustrMaps,clustrmaps.com,https://clustrmaps.com/bl/opt-out,people-search,,yes,optery,optery_tier=Extended,Other people-search with opt-out URL
T2,44,CocoFinder,cocofinder.net,https://cocofinder.net/remove-my-info,people-search,,yes,optery,optery_tier=Extended,Other people-search with opt-out URL
T2,45,ConfidentialPhoneLookup,confidentialphonelookup.com,https://www.confidentialphonelookup.com/removals/,people-search,,yes,optery,optery_tier=Core,Other people-search with opt-out URL
T2,46,ContractorsCalifornia.org,contractorscalifornia.org,http://www.contractorscalifornia.org/about#contact,people-search,,yes,optery,optery_tier=Core,Other people-search with opt-out URL
T2,47,CorporationWiki,corporationwiki.com,https://www.corporationwiki.com/profiles/public,people-search,,yes,optery,optery_tier=Core,Other people-search with opt-out URL
T2,48,CourtCaseFinder,courtcasefinder.com,https://courtcasefinder.com/optout,people-search,,yes,optery,optery_tier=Ultimate,Other people-search with opt-out URL
T2,49,CourtRec.com,courtrec.com,https://dashboard.courtrec.com/opt-out,people-search,,yes,optery,optery_tier=Custom Removals,Other people-search with opt-out URL
T2,50,Criminal.com,criminal.com,https://www.truthfinder.com/opt-out/v2/submit/,people-search,PublicRecordsNow/TruthFind-adjacent,yes,optery,optery_tier=Ultimate,Other people-search with opt-out URL
T2,51,CriminalDataCheck,criminaldatacheck.com,https://www.intelius.com/privacy-center,people-search,,yes,optery,optery_tier=Ultimate,Other people-search with opt-out URL
T2,52,CriminalRecords.com,criminalrecords.com,https://www.intelius.com/privacy-center,people-search,,yes,optery,optery_tier=Ultimate,Other people-search with opt-out URL
T2,53,CriminalRegistry.org,criminalregistry.org,https://criminalregistry.org/remove.php?fn=&ln=,people-search,,yes,optery,optery_tier=Custom Removals,Other people-search with opt-out URL
T2,54,Data Trust,thedatatrust.com,https://thedatatrust.com/do-not-sell-my-personal-information/,people-search,,yes,optery,optery_tier=Core,Other people-search with opt-out URL
T2,55,DentistsCalifornia.org,dentistscalifornia.org,http://www.dentistscalifornia.org/about#contact,people-search,,yes,optery,optery_tier=Core,Other people-search with opt-out URL
T2,56,DexKnows.com,dexknows.com,https://privacyportal-cdn.onetrust.com/dsarwebform/dd6500c7-03cb-45b0-8bed-97ece55a892d/cfcefb69-41db-4aee-bd00-c702df72ee0f.html,people-search,,yes,optery,optery_tier=Extended,Other people-search with opt-out URL
T2,57,DOBsearch.com,dobsearch.com,https://www.dobsearch.com/people-finder/block-record-request.php,people-search,,yes,optery,optery_tier=Extended,Other people-search with opt-out URL
T2,58,Drunk Drivers,drunkdrivers.org,https://drunkdrivers.org/remove-my-info/,people-search,,yes,optery,optery_tier=Custom Removals,Other people-search with opt-out URL
T2,59,EasyBackgroundChecks,easybackgroundchecks.com,https://www.intelius.com/suppression-center/,people-search,,yes,optery,optery_tier=Ultimate,Other people-search with opt-out URL
T2,60,"Fandom, Inc.",fandom.com,https://itlaw.fandom.com/wiki/Opt-out,Profile Data Broker,,yes,optery,optery_tier=Custom Removals,Other people-search with opt-out URL
T2,61,FastBackgroundCheck,fastbackgroundcheck.com,https://www.fastbackgroundcheck.com/optout,people-search,,yes,optery,optery_tier=Ultimate,Other people-search with opt-out URL
T2,62,FindPeopleFast.net,findpeoplefast.net,https://findpeoplefast.net/company/remove-my-info,people-search,,yes,optery,optery_tier=Extended,Other people-search with opt-out URL
T2,63,FireArmsCalifornia.org,firearmscalifornia.org,http://www.firearmscalifornia.org/about#contact,people-search,,yes,optery,optery_tier=Core,Other people-search with opt-out URL
T2,64,First Advantage Corporation,fadv.com,https://fadv.com/privacy-center/non-us-residents/your-rights/,Profile Data Broker,,yes,optery,optery_tier=Custom Removals,Other people-search with opt-out URL
T2,65,First Beat Media,phonelookup.com,https://www.phonelookup.com/opt,people-search,,yes,optery,optery_tier=Custom Removals,Other people-search with opt-out URL
T2,66,Florida Residents,floridaresidentsdirectory.com,https://www.floridaresidentsdirectory.com/opt-out,people-search,,yes,optery,optery_tier=Ultimate,Other people-search with opt-out URL
T2,67,Florida Voter Directory,floridavoterdirectory.com,https://www.floridavoterdirectory.com/opt-out,people-search,,yes,optery,optery_tier=Extended,Other people-search with opt-out URL
T2,68,FloridaParcels.com,floridaparcels.com,https://floridaparcels.com/redaction/,people-search,,yes,optery,optery_tier=Core,Other people-search with opt-out URL
T2,69,Foller.me,foller.me,https://www.foller.me/do-not-sell,Profile Data Broker,,yes,optery,optery_tier=Custom Removals,Other people-search with opt-out URL
T2,70,FreeBackgroundCheck.org,freebackgroundcheck.org,https://new-members.freebackgroundcheck.org/removeMyData/,people-search,,yes,optery,optery_tier=Extended,Other people-search with opt-out URL
T2,71,FreeBackgroundChecks.com,freebackgroundchecks.com,https://freebackgroundchecks.com/optout/,people-search,,yes,optery,optery_tier=Extended,Other people-search with opt-out URL
T2,72,FreePeopleSearch,freepeoplesearch.com,https://freepeoplesearch.com/opt-out,people-search,,yes,optery,optery_tier=Extended,Other people-search with opt-out URL
T2,73,FreePhoneTracer,freephonetracer.com,https://www.beenverified.com/app/optout/search,people-search,,yes,optery,optery_tier=Extended,Other people-search with opt-out URL
T2,74,Glad I Know,gladiknow.com,https://gladiknow.com/opt-out,people-search,,yes,optery,optery_tier=Ultimate,Other people-search with opt-out URL
T2,75,GovernmentRegistry.org,governmentregistry.org,https://www.governmentregistry.org/opt-out,people-search,,yes,optery,optery_tier=Extended,Other people-search with opt-out URL
T2,76,Houston Association of REALTORS®,har.com,https://www.har.com/question/27460_how-can-i-opt-out-of-the-zillow-listing,people-search,,yes,optery,optery_tier=Custom Removals,Other people-search with opt-out URL
T2,77,HudwayGlass,hudwayglass.com,https://hudwayglass.com/page/privacy,people-search,,yes,optery,optery_tier=Core,Other people-search with opt-out URL
T2,78,IDCrawl,idcrawl.com,https://www.idcrawl.com/remove-my-information,people-search,,yes,optery,optery_tier=Ultimate,Other people-search with opt-out URL
T2,79,IDnotify,idnotify.com,https://portal.idnotify.com/privacy-policy,Profile Data Broker,,yes,optery,optery_tier=Custom Removals,Other people-search with opt-out URL
T2,80,IDStrong,idstrong.com,https://www.idstrong.com/optout/,people-search,,yes,optery,optery_tier=Ultimate,Other people-search with opt-out URL
T2,81,IDTrue,idtrue.com,https://www.idtrue.com/optout,people-search,,yes,eraser,,Other people-search with opt-out URL
T2,82,Illinois Prison Talk,illinoisprisontalk.org,https://illinoisprisontalk.org/remove-my-info.php,people-search,,yes,optery,optery_tier=Custom Removals,Other people-search with opt-out URL
T2,83,Information.com,information.com,https://information.com/opt-out,people-search,,yes,optery,optery_tier=Extended,Other people-search with opt-out URL
T2,84,InmatesSearcher,inmatessearcher.com,https://www.inmatessearcher.com/api/helper/optOutLight/search,people-search,,yes,optery,optery_tier=Core,Other people-search with opt-out URL
T2,85,InstantCheckSpy,instantcheckspy.com,https://www.truthfinder.com/privacy-center,people-search,,yes,optery,optery_tier=Ultimate,Other people-search with opt-out URL
T2,86,IPQualityScore LLC,ipqualityscore.com,https://www.ipqualityscore.com/domain-reputation/optout.networkadvertising.org,Profile Data Broker,,yes,optery,optery_tier=Custom Removals,Other people-search with opt-out URL
T2,87,Kids Live Safe,kidslivesafe.com,https://www.kidslivesafe.com/help-center/privacy-requests,people-search,,yes,optery,optery_tier=Extended,Other people-search with opt-out URL
T2,88,LENSO AI SPÓŁKA AKCYJNA,lenso.ai,https://lenso.ai/en/opt-out,people-search,,yes,optery,optery_tier=Custom Removals,Other people-search with opt-out URL
T2,89,Men Stopping Violence,menstoppingviolence.org,https://www.menstoppingviolence.org/privacy/,people-search,,yes,optery;yael,optery_tier=Custom Removals | crucial,Other people-search with opt-out URL
T2,90,Michigan Residents,michiganresidentdatabase.com,https://www.michiganresidentdatabase.com/opt-out,people-search,,yes,optery,optery_tier=Ultimate,Other people-search with opt-out URL
T2,91,MineralHolders,mineralholders.com,https://www.mineralholders.com/opt-out,people-search,,yes,optery,optery_tier=Core,Other people-search with opt-out URL
T2,92,Mississippi People Records,mississippipeoplerecords.org,https://mississippipeoplerecords.org/privacy-policy,people-search,,yes,optery,optery_tier=Custom Removals,Other people-search with opt-out URL
T2,93,MoneyBot5000,moneybot5000.com,https://www.moneybot5000.com/svc/optout/search/optouts,people-search,,yes,optery,optery_tier=Extended,Other people-search with opt-out URL
T2,94,MUGSHOTLOOK,mugshotlook.com,https://www.mugshotlook.com/api/helper/optOutLight/search,people-search,,yes,optery,optery_tier=Core,Other people-search with opt-out URL
T2,95,National Public Data,nationalpublicdata.com,https://nationalpublicdata.com/optout.html,people-search,,yes,optery;yael,optery_tier=Core,Other people-search with opt-out URL
T2,96,Native American Netroots,nativeamericannetroots.net,https://nativeamericannetroots.net/diary/51,people-search,,yes,optery,optery_tier=Custom Removals,Other people-search with opt-out URL
T2,97,Neighbor.Report,neighbor.report,https://neighbor.report/remove,people-search,,yes,optery,optery_tier=Extended,Other people-search with opt-out URL
T2,98,NeighborWho,neighborwho.com,https://neighborwho.com/remove,people-search,,yes,eraser;optery,optery_tier=Extended,Other people-search with opt-out URL
T2,99,NJPropertyRecords,njpropertyrecords.com,https://njpropertyrecords.com/redaction,people-search,,yes,optery,optery_tier=Ultimate,Other people-search with opt-out URL
T2,100,North Carolina Residents,northcarolinaresidentdatabase.com,https://northcarolinaresidentdatabase.com/opt-out,people-search,,yes,optery,optery_tier=Ultimate,Other people-search with opt-out URL
T2,101,NorthCarolinaPublicRecords.org,northcarolinapublicrecords.org,https://www.truthfinder.com/opt-out/v2/submit/,people-search,,yes,optery,optery_tier=Ultimate,Other people-search with opt-out URL
T2,102,NotariesCalifornia.com,notariescalifornia.com,http://www.notariescalifornia.com/about,people-search,,yes,optery,optery_tier=Core,Other people-search with opt-out URL
T2,103,NumberGuru,numberguru.com,https://www.numberguru.com/svc/optout/search/optouts/search_person_result,people-search,,yes,optery,optery_tier=Extended,Other people-search with opt-out URL
T2,104,NumLooker,numlooker.com,https://numlooker.com/remove-my-info,people-search,,yes,optery,optery_tier=Custom Removals,Other people-search with opt-out URL
T2,105,NumLookup,numlookup.com,https://www.numlookup.com/opt_out,people-search,,yes,optery,optery_tier=Core,Other people-search with opt-out URL
T2,106,OfficialUSA,officialusa.com,https://www.officialusa.com/opt-out/,people-search,,yes,optery,optery_tier=Extended,Other people-search with opt-out URL
T2,107,Ohio Residents,ohioresidentdatabase.com,https://www.ohioresidentdatabase.com/opt-out,people-search,,yes,optery,optery_tier=Ultimate,Other people-search with opt-out URL
T2,108,OpenDataUSA,opendatausa.com,https://opendatausa.com/optout,people-search,,yes,optery;yael,optery_tier=Custom Removals,Other people-search with opt-out URL
T2,109,OpenPeopleSearch,openpeoplesearch.com,https://openpeoplesearch.com/Consumer,people-search,,yes,optery,optery_tier=Core,Other people-search with opt-out URL
T2,110,OpenPublicRecords,open-public-records.com,https://www.open-public-records.com/records_removal.htm,people-search,,yes,optery,optery_tier=Extended,Other people-search with opt-out URL
T2,111,Ownerly,ownerly.com,https://www.beenverified.com/svc/optout/search/comprehensive_optouts,people-search,,yes,optery,optery_tier=Extended,Other people-search with opt-out URL
T2,112,PeopleByName,peoplebyname.com,http://www.peoplebyname.com/remove.php,people-search,,yes,optery;yael,optery_tier=Core,Other people-search with opt-out URL
T2,113,PeopleFind.com,peoplefind.com,https://www.intelius.com/privacy-center,people-search,,yes,optery,optery_tier=Ultimate,Other people-search with opt-out URL
T2,114,PeopleFinder,peoplefinder.com,https://suppression.peopleconnect.us/login,people-search,PeopleConnect,yes,optery,optery_tier=Ultimate,Other people-search with opt-out URL
T2,115,PeopleFinder.Info,peoplefinder.info,https://peoplefinder.info/optout,people-search,,yes,optery,optery_tier=Custom Removals,Other people-search with opt-out URL
T2,116,PeopleSearch,peoplesearch.com,https://www.whitepages.com/privacy/ccpa,people-search,,yes,optery,optery_tier=Ultimate,Other people-search with opt-out URL
T2,117,PeopleSearch123,peoplesearch123.com,https://www.peoplesearch123.com/api/helper/optOutLight/search,people-search,,yes,optery,optery_tier=Core,Other people-search with opt-out URL
T2,118,PeopleSearcher,peoplesearcher.com,https://www.peoplesearcher.com/api/helper/optOutLight/search,people-search,,yes,optery,optery_tier=Core,Other people-search with opt-out URL
T2,119,PeopleSearchUSA,peoplesearchusa.org,https://www.peoplesearchusa.org/api/helper/optOutLight/search,people-search,,yes,optery,optery_tier=Core,Other people-search with opt-out URL
T2,120,PeopleWhiz.com,peoplewhiz.com,https://www.peoplewhiz.com/optout,people-search,,yes,optery,optery_tier=Core,Other people-search with opt-out URL
T2,121,peoplewhizr.com,peoplewhizr.com,https://www.peoplewhizr.com/optout,people-search,,yes,optery,optery_tier=Core,Other people-search with opt-out URL
T2,122,PeopleWin,peoplewin.com,https://peoplewin.com/privacy/control,people-search,,yes,optery,optery_tier=Core,Other people-search with opt-out URL
T2,123,PersonSearchers,personsearchers.com,https://www.personsearchers.com/api/helper/optOutLight/search,people-search,,yes,optery,optery_tier=Core,Other people-search with opt-out URL
T2,124,Persopo.com,persopo.com,http://info.persopo.com/opt-out.html,people-search,,yes,optery,optery_tier=Ultimate,Other people-search with opt-out URL
T2,125,PhoneBooks.com,phonebooks.com,https://www.phonebooks.com/opt-out,people-search,,yes,optery,optery_tier=Ultimate,Other people-search with opt-out URL
T2,126,PhoneNumberInfo.us,phonenumberinfo.us,https://phonenumberinfo.us/contact.php,people-search,,yes,optery,optery_tier=Extended,Other people-search with opt-out URL
T2,127,PhoneNumbers.org,phonenumbers.org,https://phonenumbers.org/optout/,people-search,,yes,optery,optery_tier=Ultimate,Other people-search with opt-out URL
T2,128,Pipl,pipl.com,https://pipl.com/personal-information-removal-request,people-search,,yes,eraser,,Other people-search with opt-out URL
T2,129,PrivateNumberChecker.com,privatenumberchecker.com,https://www.privatenumberchecker.com/removal-request/,people-search,,yes,optery,optery_tier=Extended,Other people-search with opt-out URL
T2,130,PrivateRecords,privaterecords.net,https://www.privaterecords.net/api/helper/optOutLight/search,people-search,,yes,optery;yael,optery_tier=Core,Other people-search with opt-out URL
T2,131,PrivateReports,privatereports.com,https://www.privatereports.com/api/helper/optOutLight/search,people-search,,yes,optery,optery_tier=Core,Other people-search with opt-out URL
T2,132,PropertyChecker.com,propertychecker.com,https://propertychecker.com/optout,people-search,,yes,optery,optery_tier=Custom Removals,Other people-search with opt-out URL
T2,133,PropertyIQ,propertyiq.com,https://www.propertyiq.com/opt-out/address-search,Profile Data Broker,,yes,optery,optery_tier=Core,Other people-search with opt-out URL
T2,134,PropertyReach,propertyreach.com,https://www.propertyreach.com/privacy-rights,people-search,,yes,optery,optery_tier=Extended,Other people-search with opt-out URL
T2,135,PropertyRecord.com,propertyrecord.com,https://dashboard.propertyrecord.com/opt-out,people-search,,yes,optery,optery_tier=Core,Other people-search with opt-out URL
T2,136,PropertyRecs,propertyrecs.com,https://dashboard.propertyrecs.com/opt-out,Profile Data Broker,,yes,optery,optery_tier=Core,Other people-search with opt-out URL
T2,137,PropertyRecs,dashboard.propertyrecs.com,https://dashboard.propertyrecs.com/opt-out,people-search,,yes,yael,,Other people-search with opt-out URL
T2,138,Public Data Check,publicdatacheck.com,https://www.publicdatacheck.com/help-center/privacy-requests,people-search,,yes,optery,optery_tier=Extended,Other people-search with opt-out URL
T2,139,Public Information Services,publicinfoservices.com,https://www.publicinfoservices.com/help-center/privacy-requests,people-search,,yes,optery,optery_tier=Extended,Other people-search with opt-out URL
T2,140,Public Libraries,publiclibraries.com,https://www.truthfinder.com/opt-out/v2/submit/,people-search,,yes,optery,optery_tier=Ultimate,Other people-search with opt-out URL
T2,141,Public Record Reports,publicrecordreports.com,https://www.publicrecordreports.com/help-center/privacy-requests,people-search,,yes,optery,optery_tier=Extended,Other people-search with opt-out URL
T2,142,PublicDataUSA,publicdatausa.com,https://publicdatausa.com/optout,people-search,,yes,optery,optery_tier=Extended,Other people-search with opt-out URL
T2,143,PublicRecordCenter.com,publicrecordcenter.com,https://www.publicrecordcenter.com/remove.html,people-search,,yes,optery,optery_tier=Ultimate,Other people-search with opt-out URL
T2,144,PublicRecords.com,publicrecords.com,https://suppression.peopleconnect.us/login,people-search,PeopleConnect,yes,optery,optery_tier=Ultimate,Other people-search with opt-out URL
T2,145,PublicRecords.us,publicrecords.us,https://dashboard.publicrecords.us/opt-out,people-search,,yes,optery,optery_tier=Core,Other people-search with opt-out URL
T2,146,PublicRecordsNow,publicrecordsnow.com,https://www.publicrecordsnow.com/static/view/optout/,people-search,PublicRecordsNow/TruthFind-adjacent,yes,eraser;optery,optery_tier=Ultimate,Other people-search with opt-out URL
T2,147,PublicSearcher,publicsearcher.com,https://www.publicsearcher.com/api/helper/optOutLight/search,people-search,,yes,optery,optery_tier=Core,Other people-search with opt-out URL
T2,148,Quick Public Records,quickpublicrecords.com,https://www.quickpublicrecords.com/help-center/privacy-requests,people-search,,yes,optery,optery_tier=Extended,Other people-search with opt-out URL
T2,149,Rain Street,rain-street.org,https://rain-street.org/page/contact,people-search,,yes,optery,optery_tier=Ultimate,Other people-search with opt-out URL
T2,150,RealPeopleSearch,realpeoplesearch.com,https://realpeoplesearch.com/about/remove-my-info,people-search,,yes,optery,optery_tier=Extended,Other people-search with opt-out URL
T2,151,Realtyhop.com,realtyhop.com,https://www.realtyhop.com/resources/realtyhop-redaction-request-system/,people-search,,yes,optery,optery_tier=Core,Other people-search with opt-out URL
T2,152,RecordsFinder,recordsfinder.com,https://recordsfinder.com/optout/,people-search,,yes,optery,optery_tier=Ultimate,Other people-search with opt-out URL
T2,153,RecordsPage,recordspage.org,https://www.truthfinder.com/opt-out/v2/submit/,people-search,,yes,optery,optery_tier=Ultimate,Other people-search with opt-out URL
T2,154,RecordsQuarry,recordsquarry.com,https://www.truthfinder.com/opt-out/v2/submit/,people-search,,yes,optery,optery_tier=Ultimate,Other people-search with opt-out URL
T2,155,Redfin Corporation,redfin.com,https://support.redfin.com/hc/en-us/articles/38493151019419-How-do-I-remove-my-home-from-Redfin,Profile Data Broker,,yes,optery,optery_tier=Custom Removals,Other people-search with opt-out URL
T2,156,Rehold,rehold.com,https://rehold.com/control/privacy,people-search,,yes,optery;yael,optery_tier=Core,Other people-search with opt-out URL
T2,157,Reveal Phone Owner,revealphoneowner.com,https://www.revealphoneowner.com/data-removal/,people-search,,yes,optery,optery_tier=Core,Other people-search with opt-out URL
T2,158,Reverseaustralia,reverseaustralia.com,https://www.reverseaustralia.com/privacy.php,people-search,,yes,optery,optery_tier=Custom Removals,Other people-search with opt-out URL
T2,159,ReversePhone,reversephone.com,https://www.reversephone.com/svc/optout/search/optouts,people-search,,yes,optery,optery_tier=Extended,Other people-search with opt-out URL
T2,160,ReversePhoneLookup,reversephonelookup.com,https://www.intelius.com/privacy-center,people-search,,yes,optery,optery_tier=Ultimate,Other people-search with opt-out URL
T2,161,RhodeIslandPeopleRecords.org,rhodeislandpeoplerecords.org,https://rhodeislandpeoplerecords.org/opt-out,people-search,,yes,optery,optery_tier=Custom Removals,Other people-search with opt-out URL
T2,162,"SageStream, LLC",sagestreamllc.com,https://www.sagestreamllc.com/opt-out-opt-in/index.html,Profile Data Broker,,yes,optery,optery_tier=Custom Removals,Other people-search with opt-out URL
T2,163,"Salary.com, LLC",salary.com,https://www.salary.com/legal/privacy-controls/,Profile Data Broker,,yes,optery,optery_tier=Custom Removals,Other people-search with opt-out URL
T2,164,"Scribd, Inc.",scribd.com,https://www.scribd.com/document/253240908/Opt-Out-Form,Profile Data Broker,,yes,optery,optery_tier=Custom Removals,Other people-search with opt-out URL
T2,165,SealedRecords,sealedrecords.net,https://www.sealedrecords.net/api/helper/optOutLight/search,people-search,,yes,optery,optery_tier=Core,Other people-search with opt-out URL
T2,166,Search Quarry,searchquarry.com,https://members.searchquarry.com/terms?tab=optout,people-search,,yes,optery;yael,aliases: SearchQuarry || optery_tier=Ultimate,Other people-search with opt-out URL
T2,167,SearchMobileNumber.com,searchmobilenumber.com,https://searchmobilenumber.com/privacy-policy,people-search,,yes,optery,optery_tier=Custom Removals,Other people-search with opt-out URL
T2,168,SearchPublicRecords.com,searchpublicrecords.com,https://www.searchpublicrecords.com/help-center/privacy-requests,people-search,,yes,optery,optery_tier=Extended,Other people-search with opt-out URL
T2,169,SearchSystems Public Records,publicrecords.searchsystems.net,https://publicrecords.searchsystems.net/opt-out.php,people-search,,yes,optery,optery_tier=Extended,Other people-search with opt-out URL
T2,170,SearchUSAPeople,searchusapeople.com,https://www.searchusapeople.com/data-removal-request/,people-search,,yes,optery,optery_tier=Extended,Other people-search with opt-out URL
T2,171,Searqle,searqle.com,https://searqle.com/opt-out-information/,people-search,,yes,optery,optery_tier=Custom Removals,Other people-search with opt-out URL
T2,172,Secretinfo,secretinfo.org,https://www.secretinfo.org/api/helper/optOutLight/search,people-search,,yes,optery,optery_tier=Core,Other people-search with opt-out URL
T2,173,SeekHD,seekhd.com,https://www.seekhd.com/optout,people-search,,yes,optery,optery_tier=Custom Removals,Other people-search with opt-out URL
T2,174,SheriffsDepartment.net,sheriffsdepartment.net,https://www.truthfinder.com/opt-out/v2/submit/,people-search,,yes,optery,optery_tier=Ultimate,Other people-search with opt-out URL
T2,175,SimpleContacts,simplecontacts.com,https://www.simplecontacts.com/opt-out,people-search,,yes,optery,optery_tier=Extended | optery_tier=Custom Removals,Other people-search with opt-out URL
T2,176,Snoopstation,snoopstation.com,https://www.intelius.com/privacy-center,people-search,,yes,optery,optery_tier=Ultimate,Other people-search with opt-out URL
T2,177,SocialCatfish,socialcatfish.com,https://socialcatfish.com/opt-out/,people-search,,yes,optery;yael,aliases: Social Catfish || optery_tier=Ultimate,Other people-search with opt-out URL
T2,178,SouthCarolinaPublicRecords.com,southcarolinapublicrecords.com,https://www.truthfinder.com/opt-out/v2/submit/,people-search,,yes,optery,optery_tier=Ultimate,Other people-search with opt-out URL
T2,179,SpyDialer,spydialer.com,https://spydialer.com/Consumers/,people-search,,yes,optery,optery_tier=Core,Other people-search with opt-out URL
T2,180,StateRecords.org,staterecords.org,https://staterecords.org/optout,people-search,,yes,optery,optery_tier=Extended,Other people-search with opt-out URL
T2,181,Subsplash,subsplash.com,https://www.subsplash.com/legal/privacy,Profile Data Broker,,yes,optery,optery_tier=Custom Removals,Other people-search with opt-out URL
T2,182,Sync.ME,sync.me,https://sync.me/unsubscribe/,people-search,,yes,optery,optery_tier=Core,Other people-search with opt-out URL
T2,183,"TeamUnify, LLC",teamunify.com,https://www.teamunify.com/team/mdest/page/safe-sport/photo-opt-out,Profile Data Broker,,yes,optery,optery_tier=Custom Removals,Other people-search with opt-out URL
T2,184,Telephone Directories,telephonedirectories.us,https://www.telephonedirectories.us/Edit_Records,people-search,,yes,optery,optery_tier=Core,Other people-search with opt-out URL
T2,185,TexasWarrantRoundup.org,texaswarrantroundup.org,https://texaswarrantroundup.org/InfoPayOpt-OutNew.pdf,people-search,,yes,optery,optery_tier=Extended,Other people-search with opt-out URL
T2,186,The Bump,thebump.com,https://support.thebump.com/hc/en-us/articles/34980593049748-How-Can-I-Remove-My-Registry-From-The-Bump,Profile Data Broker,,yes,optery,optery_tier=Custom Removals,Other people-search with opt-out URL
T2,187,The Dots Global Limited,the-dots.com,https://the-dots.com/users/sophia-woodleigh-200258,Profile Data Broker,,yes,optery,optery_tier=Custom Removals,Other people-search with opt-out URL
T2,188,ThePublicIndex,thepublicindex.org,https://thepublicindex.org/optout,people-search,,yes,optery,optery_tier=Custom Removals,Other people-search with opt-out URL
T2,189,"Torre Labs, Inc.",torre.ai,https://torre.ai/en/terms,Profile Data Broker,,yes,optery,optery_tier=Custom Removals,Other people-search with opt-out URL
T2,190,"Trulia, LLC",trulia.com,https://support.trulia.com/hc/en-us/articles/221366928-How-do-I-remove-my-agent-s-listing-of-my-home,Profile Data Broker,,yes,optery,optery_tier=Custom Removals,Other people-search with opt-out URL
T2,191,TruthRecord,truthrecord.org,https://www.truthrecord.org/api/helper/optOutLight/search,people-search,,yes,optery,optery_tier=Core,Other people-search with opt-out URL
T2,192,TruthViewer,truthviewer.com,https://www.truthviewer.com/api/helper/optOutLight/search,people-search,,yes,optery,optery_tier=Core,Other people-search with opt-out URL
T2,193,uFind.name,ufind.name,https://ufind.name/opt-out,people-search,,yes,optery,optery_tier=Core,Other people-search with opt-out URL
T2,194,Unite 4Heritage,unite4heritage.org,https://www.unite4heritage.org/opt-out,people-search,,yes,yael,,Other people-search with opt-out URL
T2,195,Unmask,unmask.com,https://unmask.com/opt-out/,people-search,,yes,optery;yael,optery_tier=Extended,Other people-search with opt-out URL
T2,196,USA Public Data Search,usa-official.com,https://usa-official.com/optout,people-search,,yes,optery,optery_tier=Extended,Other people-search with opt-out URL
T2,197,USATrace,usatrace.com,https://www.usatrace.com/contact-us/,people-search,,yes,optery,optery_tier=Ultimate,Other people-search with opt-out URL
T2,198,User-Searcher,user-searcher.com,https://blog.user-searcher.com/policy,people-search,,yes,optery,optery_tier=Custom Removals,Other people-search with opt-out URL
T2,199,VerifyRecords,verifyrecords.com,https://members.verifyrecords.com/customer/opt-out,people-search,,yes,optery,optery_tier=Extended,Other people-search with opt-out URL
T2,200,VoterRecords.com,voterrecords.com,https://voterrecords.com/faq,people-search,,yes,optery;yael,aliases: VoterRecords || optery_tier=Ultimate,Other people-search with opt-out URL
T2,201,WebMD Health Corp.,webmd.com,https://www.webmd.com/about-webmd-policies/about-ccpa-do-not-sell,Profile Data Broker,,yes,optery,optery_tier=Custom Removals,Other people-search with opt-out URL
T2,202,WeInform,weinform.org,https://www.weinform.org/api/helper/optOutLight/search,people-search,,yes,optery,optery_tier=Core,Other people-search with opt-out URL
T2,203,Wyty,wyty.com,https://www.wyty.com/remove/,people-search,,yes,optery,optery_tier=Core,Other people-search with opt-out URL
T2,204,X-Ray Contact,x-ray.contact,https://x-ray.contact/blog/x-ray-contact-privacy-policy-update-account-deletion/,people-search,,yes,optery,optery_tier=Custom Removals,Other people-search with opt-out URL
T2,205,Yellow Pages Directory Inc.,yellowpagesdirectory.com,https://www.yellowpagesdirectory.com/support.php,people-search,,yes,optery,optery_tier=Core,Other people-search with opt-out URL
T2,206,"ZipRecruiter, Inc.",ziprecruiter.com,https://www.ziprecruiter.com/ccpa-opt-out,Profile Data Broker,,yes,optery,optery_tier=Custom Removals,Other people-search with opt-out URL
T2,207,Zlookup,zlookup.com,https://www.zlookup.com/opt_out,people-search,,yes,optery,optery_tier=Core,Other people-search with opt-out URL
T2,208,ZoomInfo,privacyrights.org,https://privacyrequest.zoominfo.com/remove/verify,people-search,,yes,yael,,Other people-search with opt-out URL
T3_CLONE,209,Affordable Background Checks,affordablebackgroundchecks.com,https://infotracer.com/optout/,people-search-clone,InfoTracer,yes,optery,optery_tier=Extended,Clone/mirror — often covered by parent network opt-out (e.g. InfoTracer)
T3_CLONE,210,Alabama Arrests,alabamaarrests.org,https://infotracer.com/optout/,people-search-clone,InfoTracer,yes,optery,optery_tier=Extended,Clone/mirror — often covered by parent network opt-out (e.g. InfoTracer)
T3_CLONE,211,AlabamaCourtRecords.us,alabamacourtrecords.us,https://alabamacourtrecords.us/optout/,people-search-clone,InfoTracer,yes,optery,optery_tier=Extended,Clone/mirror — often covered by parent network opt-out (e.g. InfoTracer)
T3_CLONE,212,Alaska Arrests,alaskaarrests.org,https://infotracer.com/optout/,people-search-clone,InfoTracer,yes,optery,optery_tier=Extended,Clone/mirror — often covered by parent network opt-out (e.g. InfoTracer)
T3_CLONE,213,AlaskaCourtRecords.us,alaskacourtrecords.us,https://alaskacourtrecords.us/optout/,people-search-clone,InfoTracer,yes,optery,optery_tier=Extended,Clone/mirror — often covered by parent network opt-out (e.g. InfoTracer)
T3_CLONE,214,Arizona Arrests,arizonaarrests.org,https://infotracer.com/optout/,people-search-clone,InfoTracer,yes,optery,optery_tier=Extended,Clone/mirror — often covered by parent network opt-out (e.g. InfoTracer)
T3_CLONE,215,ArizonaCourtRecords.us,arizonacourtrecords.us,https://arizonacourtrecords.us/optout/,people-search-clone,InfoTracer,yes,optery,optery_tier=Extended,Clone/mirror — often covered by parent network opt-out (e.g. InfoTracer)
T3_CLONE,216,Arkansas Arrests,arkansasarrests.org,https://infotracer.com/optout/,people-search-clone,InfoTracer,yes,optery,optery_tier=Extended,Clone/mirror — often covered by parent network opt-out (e.g. InfoTracer)
T3_CLONE,217,ArkansasCourtRecords.us,arkansascourtrecords.us,https://arkansascourtrecords.us/optout/,people-search-clone,InfoTracer,yes,optery,optery_tier=Extended,Clone/mirror — often covered by parent network opt-out (e.g. InfoTracer)
T3_CLONE,218,Arrests.org,arrests.org,,people-search-clone,InfoTracer,unknown,optery,optery_tier=Custom Removals,Clone/mirror — often covered by parent network opt-out (e.g. InfoTracer)
T3_CLONE,219,California Arrests,californiaarrests.org,https://www.californiaarrests.org/ccpaOptOut/,people-search-clone,InfoTracer,yes,optery,optery_tier=Extended,Clone/mirror — often covered by parent network opt-out (e.g. InfoTracer)
T3_CLONE,220,CaliforniaBrokers.org,californiabrokers.org,http://www.californiabrokers.org/about#contact,people-search-clone,,yes,optery,optery_tier=Core,Clone/mirror — often covered by parent network opt-out (e.g. InfoTracer)
T3_CLONE,221,CaliforniaCourtRecords.us,californiacourtrecords.us,https://californiacourtrecords.us/optout/,people-search-clone,InfoTracer,yes,optery,optery_tier=Extended,Clone/mirror — often covered by parent network opt-out (e.g. InfoTracer)
T3_CLONE,222,CaliforniaEngineering.org,californiaengineering.org,http://www.californiaengineering.org/about#contact,people-search-clone,,yes,optery,optery_tier=Core,Clone/mirror — often covered by parent network opt-out (e.g. InfoTracer)
T3_CLONE,223,CaliforniaLicensing.org,californialicensing.org,http://www.californialicensing.org/about#contact,people-search-clone,,yes,optery,optery_tier=Core,Clone/mirror — often covered by parent network opt-out (e.g. InfoTracer)
T3_CLONE,224,CaliforniaNursing.org,californianursing.org,http://www.californianursing.org/about#contact,people-search-clone,,yes,optery,optery_tier=Core,Clone/mirror — often covered by parent network opt-out (e.g. InfoTracer)
T3_CLONE,225,CaliforniaPharmacists.org,californiapharmacists.org,http://www.californiapharmacists.org/about#contact,people-search-clone,,yes,optery,optery_tier=Core,Clone/mirror — often covered by parent network opt-out (e.g. InfoTracer)
T3_CLONE,226,Colorado Arrests,coloradoarrests.org,https://infotracer.com/optout/,people-search-clone,InfoTracer,yes,optery,optery_tier=Extended,Clone/mirror — often covered by parent network opt-out (e.g. InfoTracer)
T3_CLONE,227,ColoradoCourtRecords.us,coloradocourtrecords.us,https://coloradocourtrecords.us/optout/,people-search-clone,InfoTracer,yes,optery,optery_tier=Extended,Clone/mirror — often covered by parent network opt-out (e.g. InfoTracer)
T3_CLONE,228,ColoradoResidentDirectory,coloradoresidentdirectory.com,https://www.coloradoresidentdirectory.com/opt-out,people-search-clone,InfoTracer,yes,optery,optery_tier=Extended,Clone/mirror — often covered by parent network opt-out (e.g. InfoTracer)
T3_CLONE,229,Connecticut Arrests,ctarrests.org,https://infotracer.com/optout/,people-search-clone,InfoTracer,yes,optery,optery_tier=Extended,Clone/mirror — often covered by parent network opt-out (e.g. InfoTracer)
T3_CLONE,230,Connecticut Resident Directory,connecticutresidentdirectory.com,https://www.connecticutresidentdirectory.com/opt-out,people-search-clone,InfoTracer,yes,optery,optery_tier=Extended,Clone/mirror — often covered by parent network opt-out (e.g. InfoTracer)
T3_CLONE,231,ConnecticutCourtRecords.us,connecticutcourtrecords.us,https://connecticutcourtrecords.us/optout/,people-search-clone,InfoTracer,yes,optery,optery_tier=Extended,Clone/mirror — often covered by parent network opt-out (e.g. InfoTracer)
T3_CLONE,232,CourtRecords.us,courtrecords.us,https://courtrecords.us/optout/,people-search-clone,InfoTracer,yes,optery,optery_tier=Extended,Clone/mirror — often covered by parent network opt-out (e.g. InfoTracer)
T3_CLONE,233,Delaware Arrests,dewarrants.org,https://infotracer.com/optout/,people-search-clone,InfoTracer,yes,optery,optery_tier=Extended,Clone/mirror — often covered by parent network opt-out (e.g. InfoTracer)
T3_CLONE,234,DelawareCourtRecords.us,delawarecourtrecords.us,https://delawarecourtrecords.us/optout/,people-search-clone,InfoTracer,yes,optery,optery_tier=Extended,Clone/mirror — often covered by parent network opt-out (e.g. InfoTracer)
T3_CLONE,235,FastPeopleSearch.io,fastpeoplesearch.io,https://fastpeoplesearch.io/remove-my-info,people-search-clone,,yes,optery,optery_tier=Extended,Clone/mirror — often covered by parent network opt-out (e.g. InfoTracer)
T3_CLONE,236,Florida Arrests,flarrests.org,https://infotracer.com/optout/,people-search-clone,InfoTracer,yes,optery,optery_tier=Extended,Clone/mirror — often covered by parent network opt-out (e.g. InfoTracer)
T3_CLONE,237,FloridaCourtRecords.us,floridacourtrecords.us,https://floridacourtrecords.us/optout/,people-search-clone,InfoTracer,yes,optery,optery_tier=Extended,Clone/mirror — often covered by parent network opt-out (e.g. InfoTracer)
T3_CLONE,238,Georgia Arrests,georgiaarrests.org,https://infotracer.com/optout/,people-search-clone,InfoTracer,yes,optery,optery_tier=Extended,Clone/mirror — often covered by parent network opt-out (e.g. InfoTracer)
T3_CLONE,239,GeorgiaCourtRecords.us,georgiacourtrecords.us,https://georgiacourtrecords.us/optout/,people-search-clone,InfoTracer,yes,optery,optery_tier=Extended,Clone/mirror — often covered by parent network opt-out (e.g. InfoTracer)
T3_CLONE,240,GOVWARRANTSEARCH.ORG,govwarrantsearch.org,https://infotracer.com/optout/,people-search-clone,InfoTracer,yes,optery,optery_tier=Extended,Clone/mirror — often covered by parent network opt-out (e.g. InfoTracer)
T3_CLONE,241,Hawaii Arrests,hawaiiarrests.org,https://infotracer.com/optout/,people-search-clone,InfoTracer,yes,optery,optery_tier=Extended,Clone/mirror — often covered by parent network opt-out (e.g. InfoTracer)
T3_CLONE,242,Idaho Arrests,idahoarrests.org,https://infotracer.com/optout/,people-search-clone,InfoTracer,yes,optery,optery_tier=Extended,Clone/mirror — often covered by parent network opt-out (e.g. InfoTracer)
T3_CLONE,243,IdahoCourtRecords.us,idahocourtrecords.us,https://idahocourtrecords.us/optout/,people-search-clone,InfoTracer,yes,optery,optery_tier=Extended,Clone/mirror — often covered by parent network opt-out (e.g. InfoTracer)
T3_CLONE,244,Illinois Arrests,illinoisarrests.org,https://infotracer.com/optout/,people-search-clone,InfoTracer,yes,optery,optery_tier=Extended,Clone/mirror — often covered by parent network opt-out (e.g. InfoTracer)
T3_CLONE,245,IllinoisCourtRecords.us,illinoiscourtrecords.us,https://illinoiscourtrecords.us/optout/,people-search-clone,InfoTracer,yes,optery,optery_tier=Extended,Clone/mirror — often covered by parent network opt-out (e.g. InfoTracer)
T3_CLONE,246,Indiana Arrests,indianaarrests.org,https://infotracer.com/optout/,people-search-clone,InfoTracer,yes,optery,optery_tier=Extended,Clone/mirror — often covered by parent network opt-out (e.g. InfoTracer)
T3_CLONE,247,IndianaCourtRecords.us,indianacourtrecords.us,https://indianacourtrecords.us/optout/,people-search-clone,InfoTracer,yes,optery,optery_tier=Extended,Clone/mirror — often covered by parent network opt-out (e.g. InfoTracer)
T3_CLONE,248,Iowa Arrests,iowaarrests.org,https://infotracer.com/optout/,people-search-clone,InfoTracer,yes,optery,optery_tier=Extended,Clone/mirror — often covered by parent network opt-out (e.g. InfoTracer)
T3_CLONE,249,IowaCourtRecords.us,iowacourtrecords.us,https://iowacourtrecords.us/optout/,people-search-clone,InfoTracer,yes,optery,optery_tier=Extended,Clone/mirror — often covered by parent network opt-out (e.g. InfoTracer)
T3_CLONE,250,Kansas Arrests,kansasarrests.org,https://infotracer.com/optout/,people-search-clone,InfoTracer,yes,optery,optery_tier=Extended,Clone/mirror — often covered by parent network opt-out (e.g. InfoTracer)
T3_CLONE,251,KansasCourtRecords.us,kansascourtrecords.us,https://kansascourtrecords.us/optout/,people-search-clone,InfoTracer,yes,optery,optery_tier=Extended,Clone/mirror — often covered by parent network opt-out (e.g. InfoTracer)
T3_CLONE,252,Kentucky Arrests,kentuckyarrests.org,https://infotracer.com/optout/,people-search-clone,InfoTracer,yes,optery,optery_tier=Extended,Clone/mirror — often covered by parent network opt-out (e.g. InfoTracer)
T3_CLONE,253,KentuckyCourtRecords.us,kentuckycourtrecords.us,https://kentuckycourtrecords.us/optout/,people-search-clone,InfoTracer,yes,optery,optery_tier=Extended,Clone/mirror — often covered by parent network opt-out (e.g. InfoTracer)
T3_CLONE,254,Louisiana Arrests,louisianaarrests.org,https://infotracer.com/optout/,people-search-clone,InfoTracer,yes,optery,optery_tier=Extended,Clone/mirror — often covered by parent network opt-out (e.g. InfoTracer)
T3_CLONE,255,LouisianaCourtRecords.us,louisianacourtrecords.us,https://louisianacourtrecords.us/optout/,people-search-clone,InfoTracer,yes,optery,optery_tier=Extended,Clone/mirror — often covered by parent network opt-out (e.g. InfoTracer)
T3_CLONE,256,Maine Arrests,mainearrests.org,https://infotracer.com/optout/,people-search-clone,InfoTracer,yes,optery,optery_tier=Extended,Clone/mirror — often covered by parent network opt-out (e.g. InfoTracer)
T3_CLONE,257,MaineCourtRecords.us,mainecourtrecords.us,https://mainecourtrecords.us/optout/,people-search-clone,InfoTracer,yes,optery,optery_tier=Extended,Clone/mirror — often covered by parent network opt-out (e.g. InfoTracer)
T3_CLONE,258,Maryland Arrests,marylandarrests.org,https://infotracer.com/optout/,people-search-clone,InfoTracer,yes,optery,optery_tier=Extended,Clone/mirror — often covered by parent network opt-out (e.g. InfoTracer)
T3_CLONE,259,MarylandCourtRecords.us,marylandcourtrecords.us,https://marylandcourtrecords.us/optout/,people-search-clone,InfoTracer,yes,optery,optery_tier=Extended,Clone/mirror — often covered by parent network opt-out (e.g. InfoTracer)
T3_CLONE,260,MassachusetssCourtRecords.us,massachusettscourtrecords.us,https://courtrecords.us/optout/,people-search-clone,InfoTracer,yes,optery,optery_tier=Extended,Clone/mirror — often covered by parent network opt-out (e.g. InfoTracer)
T3_CLONE,261,Massachusetts Arrests,maarrests.org,https://infotracer.com/optout/,people-search-clone,InfoTracer,yes,optery,optery_tier=Extended,Clone/mirror — often covered by parent network opt-out (e.g. InfoTracer)
T3_CLONE,262,Michigan Arrests,michiganarrests.org,https://infotracer.com/optout/,people-search-clone,InfoTracer,yes,optery,optery_tier=Extended,Clone/mirror — often covered by parent network opt-out (e.g. InfoTracer)
T3_CLONE,263,MichiganCourtRecords.us,michigancourtrecords.us,https://michigancourtrecords.us/optout/,people-search-clone,InfoTracer,yes,optery,optery_tier=Extended,Clone/mirror — often covered by parent network opt-out (e.g. InfoTracer)
T3_CLONE,264,Minnesota Arrests,minnesotaarrests.org,https://infotracer.com/optout/,people-search-clone,InfoTracer,yes,optery,optery_tier=Extended,Clone/mirror — often covered by parent network opt-out (e.g. InfoTracer)
T3_CLONE,265,MinnesotaCourtRecords.us,minnesotacourtrecords.us,https://minnesotacourtrecords.us/optout/,people-search-clone,InfoTracer,yes,optery,optery_tier=Extended,Clone/mirror — often covered by parent network opt-out (e.g. InfoTracer)
T3_CLONE,266,Mississippi Arrests,msarrests.org,https://infotracer.com/optout/,people-search-clone,InfoTracer,yes,optery,optery_tier=Extended,Clone/mirror — often covered by parent network opt-out (e.g. InfoTracer)
T3_CLONE,267,MississippiCourtRecords.us,mississippicourtrecords.us,https://mississippicourtrecords.us/optout/,people-search-clone,InfoTracer,yes,optery,optery_tier=Extended,Clone/mirror — often covered by parent network opt-out (e.g. InfoTracer)
T3_CLONE,268,Missouri Arrests,missouriarrests.org,https://infotracer.com/optout/,people-search-clone,InfoTracer,yes,optery,optery_tier=Extended,Clone/mirror — often covered by parent network opt-out (e.g. InfoTracer)
T3_CLONE,269,MissouriCourtRecords.us,missouricourtrecords.us,https://missouricourtrecords.us/optout/,people-search-clone,InfoTracer,yes,optery,optery_tier=Extended,Clone/mirror — often covered by parent network opt-out (e.g. InfoTracer)
T3_CLONE,270,Montana Arrests,montanaarrests.org,https://infotracer.com/optout/,people-search-clone,InfoTracer,yes,optery,optery_tier=Extended,Clone/mirror — often covered by parent network opt-out (e.g. InfoTracer)
T3_CLONE,271,MontanaCourtRecords.us,montanacourtrecords.us,https://montanacourtrecords.us/optout/,people-search-clone,InfoTracer,yes,optery,optery_tier=Extended,Clone/mirror — often covered by parent network opt-out (e.g. InfoTracer)
T3_CLONE,272,Nebraska Arrests,nebraskaarrests.org,https://infotracer.com/optout/,people-search-clone,InfoTracer,yes,optery,optery_tier=Extended,Clone/mirror — often covered by parent network opt-out (e.g. InfoTracer)
T3_CLONE,273,NebraskaCourtRecords.us,nebraskacourtrecords.us,https://nebraskacourtrecords.us/optout/,people-search-clone,InfoTracer,yes,optery,optery_tier=Extended,Clone/mirror — often covered by parent network opt-out (e.g. InfoTracer)
T3_CLONE,274,Nevada Arrests,nevadaarrests.org,https://www.nevadaarrests.org/contact-form,people-search-clone,InfoTracer,yes,optery,optery_tier=Extended,Clone/mirror — often covered by parent network opt-out (e.g. InfoTracer)
T3_CLONE,275,NevadaCourtRecords.us,nevadacourtrecords.us,https://nevadacourtrecords.us/optout/,people-search-clone,InfoTracer,yes,optery,optery_tier=Extended,Clone/mirror — often covered by parent network opt-out (e.g. InfoTracer)
T3_CLONE,276,New Hampshire Arrests,nharrests.org,https://infotracer.com/optout/,people-search-clone,InfoTracer,yes,optery,optery_tier=Extended,Clone/mirror — often covered by parent network opt-out (e.g. InfoTracer)
T3_CLONE,277,New Jersey Arrests,njarrests.org,https://infotracer.com/optout/,people-search-clone,InfoTracer,yes,optery,optery_tier=Extended,Clone/mirror — often covered by parent network opt-out (e.g. InfoTracer)
T3_CLONE,278,New Mexico Arrests,nmarrests.org,https://infotracer.com/optout/,people-search-clone,InfoTracer,yes,optery,optery_tier=Extended,Clone/mirror — often covered by parent network opt-out (e.g. InfoTracer)
T3_CLONE,279,New York Arrests,nyarrests.org,https://infotracer.com/optout/,people-search-clone,InfoTracer,yes,optery,optery_tier=Extended,Clone/mirror — often covered by parent network opt-out (e.g. InfoTracer)
T3_CLONE,280,NewHampshireCourtRecords.us,newhampshirecourtrecords.us,https://newhampshirecourtrecords.us/optout/,people-search-clone,InfoTracer,yes,optery,optery_tier=Extended,Clone/mirror — often covered by parent network opt-out (e.g. InfoTracer)
T3_CLONE,281,NewJerseyCourtRecords.us,newjerseycourtrecords.us,https://newjerseycourtrecords.us/optout/,people-search-clone,InfoTracer,yes,optery,optery_tier=Extended,Clone/mirror — often covered by parent network opt-out (e.g. InfoTracer)
T3_CLONE,282,NewMexicoCourtRecords.us,newmexicocourtrecords.us,https://newmexicocourtrecords.us/optout/,people-search-clone,InfoTracer,yes,optery,optery_tier=Extended,Clone/mirror — often covered by parent network opt-out (e.g. InfoTracer)
T3_CLONE,283,NewYorkCourtRecords.us,newyorkcourtrecords.us,https://newyorkcourtrecords.us/optout/,people-search-clone,InfoTracer,yes,optery,optery_tier=Extended,Clone/mirror — often covered by parent network opt-out (e.g. InfoTracer)
T3_CLONE,284,North Carolina Arrests,ncarrests.org,https://infotracer.com/optout/,people-search-clone,InfoTracer,yes,optery,optery_tier=Extended,Clone/mirror — often covered by parent network opt-out (e.g. InfoTracer)
T3_CLONE,285,North Dakota Arrests,ndarrests.org,https://infotracer.com/optout/,people-search-clone,InfoTracer,yes,optery,optery_tier=Extended,Clone/mirror — often covered by parent network opt-out (e.g. InfoTracer)
T3_CLONE,286,NorthCarolinaCourtRecords.us,northcarolinacourtrecords.us,https://northcarolinacourtrecords.us/optout/,people-search-clone,InfoTracer,yes,optery,optery_tier=Extended,Clone/mirror — often covered by parent network opt-out (e.g. InfoTracer)
T3_CLONE,287,NorthDakotaCourtRecords.us,northdakotacourtrecords.us,https://northdakotacourtrecords.us/optout/,people-search-clone,InfoTracer,yes,optery,optery_tier=Extended,Clone/mirror — often covered by parent network opt-out (e.g. InfoTracer)
T3_CLONE,288,Ohio Arrests,ohioarrests.org,https://infotracer.com/optout/,people-search-clone,InfoTracer,yes,optery,optery_tier=Extended,Clone/mirror — often covered by parent network opt-out (e.g. InfoTracer)
T3_CLONE,289,Ohio Resident Directory,ohioresidentdirectory.com,,people-search-clone,InfoTracer,unknown,optery,optery_tier=Custom Removals,Clone/mirror — often covered by parent network opt-out (e.g. InfoTracer)
T3_CLONE,290,OhioCourtRecords.us,ohiocourtrecords.us,https://ohiocourtrecords.us/optout/,people-search-clone,InfoTracer,yes,optery,optery_tier=Extended,Clone/mirror — often covered by parent network opt-out (e.g. InfoTracer)
T3_CLONE,291,Oklahoma Arrests,oklahomaarrests.org,https://infotracer.com/optout/,people-search-clone,InfoTracer,yes,optery,optery_tier=Extended,Clone/mirror — often covered by parent network opt-out (e.g. InfoTracer)
T3_CLONE,292,OklahomaCourtRecords.us,oklahomacourtrecords.us,https://oklahomacourtrecords.us/optout/,people-search-clone,InfoTracer,yes,optery,optery_tier=Extended,Clone/mirror — often covered by parent network opt-out (e.g. InfoTracer)
T3_CLONE,293,Oregon Arrests,oregonarrest.org,https://infotracer.com/optout/,people-search-clone,InfoTracer,yes,optery,optery_tier=Extended,Clone/mirror — often covered by parent network opt-out (e.g. InfoTracer)
T3_CLONE,294,OregonCourtRecords.us,oregoncourtrecords.us,https://oregoncourtrecords.us/optout/,people-search-clone,InfoTracer,yes,optery,optery_tier=Extended,Clone/mirror — often covered by parent network opt-out (e.g. InfoTracer)
T3_CLONE,295,Pennsylvania Arrests,pennsylvaniaarrests.org,https://infotracer.com/optout/,people-search-clone,InfoTracer,yes,optery,optery_tier=Extended,Clone/mirror — often covered by parent network opt-out (e.g. InfoTracer)
T3_CLONE,296,PennsylvaniaCourtRecords.us,pennsylvaniacourtrecords.us,https://pennsylvaniacourtrecords.us/optout/,people-search-clone,InfoTracer,yes,optery,optery_tier=Extended,Clone/mirror — often covered by parent network opt-out (e.g. InfoTracer)
T3_CLONE,297,Rhode Island Arrests,riarrests.org,https://infotracer.com/optout/,people-search-clone,InfoTracer,yes,optery,optery_tier=Extended,Clone/mirror — often covered by parent network opt-out (e.g. InfoTracer)
T3_CLONE,298,RhodeIslandCourtRecord.us,rhodeislandcourtrecords.us,https://rhodeislandcourtrecords.us/optout/,people-search-clone,InfoTracer,yes,optery,optery_tier=Extended,Clone/mirror — often covered by parent network opt-out (e.g. InfoTracer)
T3_CLONE,299,SearchPeopleFree.net,searchpeoplefree.net,https://searchpeoplefree.net/resource/remove-my-info,people-search-clone,,yes,optery,optery_tier=Extended,Clone/mirror — often covered by parent network opt-out (e.g. InfoTracer)
T3_CLONE,300,South Carolina Arrests,scarrests.org,https://infotracer.com/optout/,people-search-clone,InfoTracer,yes,optery,optery_tier=Extended,Clone/mirror — often covered by parent network opt-out (e.g. InfoTracer)
T3_CLONE,301,South Dakota Arrests,sdarrests.org,https://infotracer.com/optout/,people-search-clone,InfoTracer,yes,optery,optery_tier=Extended,Clone/mirror — often covered by parent network opt-out (e.g. InfoTracer)
T3_CLONE,302,SouthCarolinaCourtRecords.us,southcarolinacourtrecords.us,https://southcarolinacourtrecords.us/optout/,people-search-clone,InfoTracer,yes,optery,optery_tier=Extended,Clone/mirror — often covered by parent network opt-out (e.g. InfoTracer)
T3_CLONE,303,SouthDakotaCourtRecords.us,southdakotacourtrecords.us,https://southdakotacourtrecords.us/optout/,people-search-clone,InfoTracer,yes,optery,optery_tier=Extended,Clone/mirror — often covered by parent network opt-out (e.g. InfoTracer)
T3_CLONE,304,Tennessee Arrests,tennesseearrests.org,https://infotracer.com/optout/,people-search-clone,InfoTracer,yes,optery,optery_tier=Extended,Clone/mirror — often covered by parent network opt-out (e.g. InfoTracer)
T3_CLONE,305,TennesseeCourtRecords.us,tennesseecourtrecords.us,https://tennesseecourtrecords.us/optout/,people-search-clone,InfoTracer,yes,optery,optery_tier=Extended,Clone/mirror — often covered by parent network opt-out (e.g. InfoTracer)
T3_CLONE,306,Texas Arrest Warrants Search,texasarrestwarrants.org,https://texasarrestwarrants.org/contact,people-search-clone,InfoTracer,yes,optery,optery_tier=Extended,Clone/mirror — often covered by parent network opt-out (e.g. InfoTracer)
T3_CLONE,307,Texas Arrests,texasarrests.org,https://infotracer.com/optout,people-search-clone,InfoTracer,yes,optery,optery_tier=Extended,Clone/mirror — often covered by parent network opt-out (e.g. InfoTracer)
T3_CLONE,308,TexasCourtRecords.us,texascourtrecords.us,https://texascourtrecords.us/optout/,people-search-clone,InfoTracer,yes,optery,optery_tier=Extended,Clone/mirror — often covered by parent network opt-out (e.g. InfoTracer)
T3_CLONE,309,TruePeopleSearch.net,truepeoplesearch.net,https://truepeoplesearch.net/remove-my-info,people-search-clone,,yes,optery;yael,optery_tier=Extended,Clone/mirror — often covered by parent network opt-out (e.g. InfoTracer)
T3_CLONE,310,UnitedStatesPhonebook.com,unitedstatesphonebook.com,http://www.unitedstatesphonebook.com/contact.php,people-search-clone,,yes,optery;yael,aliases: United States Phone Book || optery_tier=Core,Clone/mirror — often covered by parent network opt-out (e.g. InfoTracer)
T3_CLONE,311,USRECORDS,usrecords.net,https://infotracer.com/optout,people-search-clone,InfoTracer,yes,optery,optery_tier=Extended,Clone/mirror — often covered by parent network opt-out (e.g. InfoTracer)
T3_CLONE,312,USWARRANTS,uswarrants.org,https://infotracer.com/optout,people-search-clone,InfoTracer,yes,optery,optery_tier=Extended,Clone/mirror — often covered by parent network opt-out (e.g. InfoTracer)
T3_CLONE,313,Utah Arrests,utaharrests.org,https://infotracer.com/optout/,people-search-clone,InfoTracer,yes,optery,optery_tier=Extended,Clone/mirror — often covered by parent network opt-out (e.g. InfoTracer)
T3_CLONE,314,UtahCourtRecords.us,utahcourtrecords.us,https://utahcourtrecords.us/optout/,people-search-clone,InfoTracer,yes,optery,optery_tier=Extended,Clone/mirror — often covered by parent network opt-out (e.g. InfoTracer)
T3_CLONE,315,Vermont Arrests,vtarrests.org,https://members.infotracer.com/removeMyData,people-search-clone,InfoTracer,yes,optery,optery_tier=Extended,Clone/mirror — often covered by parent network opt-out (e.g. InfoTracer)
T3_CLONE,316,VermontCourtRecords.us,vermontcourtrecords.us,https://vermontcourtrecords.us/optout/,people-search-clone,InfoTracer,yes,optery,optery_tier=Extended,Clone/mirror — often covered by parent network opt-out (e.g. InfoTracer)
T3_CLONE,317,Virginia Arrests,virginiaarrests.org,https://infotracer.com/optout/,people-search-clone,InfoTracer,yes,optery,optery_tier=Extended,Clone/mirror — often covered by parent network opt-out (e.g. InfoTracer)
T3_CLONE,318,VirginiaCourtRecords.us,virginiacourtrecords.us,https://virginiacourtrecords.us/optout/,people-search-clone,InfoTracer,yes,optery,optery_tier=Extended,Clone/mirror — often covered by parent network opt-out (e.g. InfoTracer)
T3_CLONE,319,Washington Arrests,washingtonarrests.org,https://infotracer.com/optout/,people-search-clone,InfoTracer,yes,optery,optery_tier=Extended,Clone/mirror — often covered by parent network opt-out (e.g. InfoTracer)
T3_CLONE,320,Washington DC Arrests,dcarrests.org,https://infotracer.com/optout/,people-search-clone,InfoTracer,yes,optery,optery_tier=Extended,Clone/mirror — often covered by parent network opt-out (e.g. InfoTracer)
T3_CLONE,321,WashingtonCourtRecords.us,washingtoncourtrecords.us,https://washingtoncourtrecords.us/optout/,people-search-clone,InfoTracer,yes,optery,optery_tier=Extended,Clone/mirror — often covered by parent network opt-out (e.g. InfoTracer)
T3_CLONE,322,West Virginia Arrests,wvarrests.org,https://infotracer.com/optout/,people-search-clone,InfoTracer,yes,optery,optery_tier=Extended,Clone/mirror — often covered by parent network opt-out (e.g. InfoTracer)
T3_CLONE,323,WestVirginiaCourtRecords.us,westvirginiacourtrecords.us,https://westvirginiacourtrecords.us/optout/,people-search-clone,InfoTracer,yes,optery,optery_tier=Extended,Clone/mirror — often covered by parent network opt-out (e.g. InfoTracer)
T3_CLONE,324,Wisconsin Arrests,wisconsinarrests.org,https://infotracer.com/optout/,people-search-clone,InfoTracer,yes,optery,optery_tier=Extended,Clone/mirror — often covered by parent network opt-out (e.g. InfoTracer)
T3_CLONE,325,WisconsinCourtRecords.us,wisconsincourtrecords.us,https://wisconsincourtrecords.us/optout/,people-search-clone,InfoTracer,yes,optery,optery_tier=Extended,Clone/mirror — often covered by parent network opt-out (e.g. InfoTracer)
T3_CLONE,326,Wyoming Arrests,wyomingarrests.org,https://infotracer.com/optout/,people-search-clone,InfoTracer,yes,optery,optery_tier=Extended,Clone/mirror — often covered by parent network opt-out (e.g. InfoTracer)
T3_CLONE,327,WyomingCourtRecords.us,wyomingcourtrecords.us,,people-search-clone,InfoTracer,unknown,optery,optery_tier=Extended,Clone/mirror — often covered by parent network opt-out (e.g. InfoTracer)
T3_OTHER,328,1called.com,1called.com,,people-search,,unknown,optery,optery_tier=Custom Removals,People-search-ish without clear free opt-out URL
T3_OTHER,329,1who.net,1who.net,,people-search,,unknown,optery,optery_tier=Custom Removals,People-search-ish without clear free opt-out URL
T3_OTHER,330,411reverselookup.ca,411reverselookup.ca,,people-search,,unknown,optery,optery_tier=Custom Removals,People-search-ish without clear free opt-out URL
T3_OTHER,331,Address Scoop,addressscoop.com,,people-search,,unknown,optery,optery_tier=Custom Removals,People-search-ish without clear free opt-out URL
T3_OTHER,332,AddrHistory,addrhistory.com,,people-search,,unknown,optery,optery_tier=Custom Removals,People-search-ish without clear free opt-out URL
T3_OTHER,333,AllHighSchools.com,allhighschools.com,,people-search,,unknown,optery,optery_tier=Custom Removals,People-search-ish without clear free opt-out URL
T3_OTHER,334,Alumni US,alumnius.net,,people-search,,unknown,optery,optery_tier=Custom Removals,People-search-ish without clear free opt-out URL
T3_OTHER,335,Ancestry.com,ancestry.com,,people-search,,yes,yael,high_priority,Genealogy/archives — secondary to people-search SERP
T3_OTHER,336,Ancestry.com UK Limited,ancestry.co.uk,,Profile Data Broker,,unknown,optery,optery_tier=Custom Removals,People-search-ish without clear free opt-out URL
T3_OTHER,337,AnswerLady,answerlady.com,,people-search,,unknown,optery,optery_tier=Custom Removals,People-search-ish without clear free opt-out URL
T3_OTHER,338,Archives,archives.com,https://www.archives.com/Optout,people-search,,yes,yael,,Genealogy/archives — secondary to people-search SERP
T3_OTHER,339,"Background Alert, Inc.",backgroundalert.com,,people-search,,unknown,optery,optery_tier=Custom Removals,People-search-ish without clear free opt-out URL
T3_OTHER,340,Background Checks.org,backgroundchecks.org,,people-search,,unknown,optery,optery_tier=Extended,People-search-ish without clear free opt-out URL
T3_OTHER,341,Backgroundcheckme.org,backgroundcheckme.org,,people-search,,unknown,optery,optery_tier=Ultimate,People-search-ish without clear free opt-out URL
T3_OTHER,342,BackgroundChecks.me,backgroundchecks.me,,people-search,,unknown,optery,optery_tier=Extended,People-search-ish without clear free opt-out URL
T3_OTHER,343,"Bay Collective IP, LLC",bayparcels.com,,people-search,,unknown,optery,optery_tier=Custom Removals,People-search-ish without clear free opt-out URL
T3_OTHER,344,BestHistorySites.net,besthistorysites.net,,people-search,,unknown,optery,optery_tier=Custom Removals,People-search-ish without clear free opt-out URL
T3_OTHER,345,Brady List,giglio-bradylist.com,,Profile Data Broker,,unknown,optery,optery_tier=Custom Removals,People-search-ish without clear free opt-out URL
T3_OTHER,346,"BuyersRoad, Inc.",experience.com,,Profile Data Broker,,unknown,optery,optery_tier=Custom Removals,People-search-ish without clear free opt-out URL
T3_OTHER,347,Caller Name,callername.com,,people-search,,unknown,optery,optery_tier=Custom Removals,People-search-ish without clear free opt-out URL
T3_OTHER,348,CallerIDTest,calleridtest.com,,people-search,,unknown,optery,optery_tier=Custom Removals,People-search-ish without clear free opt-out URL
T3_OTHER,349,census-info.us,census-info.us,,people-search,,unknown,optery,optery_tier=Custom Removals,People-search-ish without clear free opt-out URL
T3_OTHER,350,Cityzor,cityzor.com,,people-search,,unknown,optery,optery_tier=Custom Removals,People-search-ish without clear free opt-out URL
T3_OTHER,351,Classmates.com,help.classmates.com,,people-search,PeopleConnect,yes,yael,,People-search-ish without clear free opt-out URL
T3_OTHER,352,Click Search LLC,clicksearch.us,,people-search,,unknown,optery,optery_tier=Custom Removals,People-search-ish without clear free opt-out URL
T3_OTHER,353,CourtRecordFinder.com,courtrecordfinder.com,,people-search,,unknown,optery,optery_tier=Custom Removals,People-search-ish without clear free opt-out URL
T3_OTHER,354,Crime Informer,crimeinformer.com,,people-search,,unknown,optery,optery_tier=Custom Removals,People-search-ish without clear free opt-out URL
T3_OTHER,355,CriminalPages.com,new-members.criminalpages.com,,people-search,,unknown,optery,optery_tier=Custom Removals,People-search-ish without clear free opt-out URL
T3_OTHER,356,Cuit Online,cuitonline.com,,people-search,,unknown,optery,optery_tier=Custom Removals,People-search-ish without clear free opt-out URL
T3_OTHER,357,Dateas,dateas.com,,people-search,,unknown,optery,optery_tier=Custom Removals,People-search-ish without clear free opt-out URL
T3_OTHER,358,Deepdy Ltd,unknownphone.com,,people-search,,unknown,optery,optery_tier=Custom Removals,People-search-ish without clear free opt-out URL
T3_OTHER,359,DocPlayer Inc.,docplayer.net,,Profile Data Broker,,unknown,optery,optery_tier=Custom Removals,People-search-ish without clear free opt-out URL
T3_OTHER,360,Downing &#038; Lahey Mortuaries &#038; Crematory,downingandlahey.com,,people-search,,unknown,optery,optery_tier=Custom Removals,People-search-ish without clear free opt-out URL
T3_OTHER,361,DTM Deutsche Tele Medien GmbH,dastelefonbuch.de,,people-search,,unknown,optery,optery_tier=Custom Removals,People-search-ish without clear free opt-out URL
T3_OTHER,362,Eniro AB,eniro.se,,people-search,,unknown,optery,optery_tier=Custom Removals,People-search-ish without clear free opt-out URL
T3_OTHER,363,Epieos,epieos.com,,Profile Data Broker,,unknown,optery,optery_tier=Custom Removals,People-search-ish without clear free opt-out URL
T3_OTHER,364,FaceCheck.ID,facecheck.id,,people-search,,yes,optery;yael,aliases: Facecheck || optery_tier=Custom Removals,Face-search; PimEyes requires DL — optional
T3_OTHER,365,FamilySearch,familysearch.org,https://www.familysearch.org/en/help/helpcenter/article/how-do-i-remove-vitals-information-in-family-tree,people-search,,yes,optery;yael,optery_tier=Custom Removals,Genealogy/archives — secondary to people-search SERP
T3_OTHER,366,FindWhoCallsYou,findwhocallsyou.com,,people-search,,unknown,optery,optery_tier=Custom Removals,People-search-ish without clear free opt-out URL
T3_OTHER,367,FreePeopleSearch.com,freepeople-search.com,,people-search,,unknown,optery,optery_tier=Custom Removals,People-search-ish without clear free opt-out URL
T3_OTHER,368,FreePeopleSearch.io,freepeoplesearch.io,,people-search,,unknown,optery,optery_tier=Custom Removals,People-search-ish without clear free opt-out URL
T3_OTHER,369,FuryForums.com,furyforums.com,,people-search,,unknown,optery,optery_tier=Custom Removals,People-search-ish without clear free opt-out URL
T3_OTHER,370,Genealogic.review,genealogic.review,,people-search,,unknown,optery,optery_tier=Custom Removals,People-search-ish without clear free opt-out URL
T3_OTHER,371,"Genius Media Group, Inc.",genius.com,,Profile Data Broker,,unknown,optery,optery_tier=Custom Removals,People-search-ish without clear free opt-out URL
T3_OTHER,372,GovQA,govqa.us,,Profile Data Broker,,unknown,optery,optery_tier=Custom Removals,People-search-ish without clear free opt-out URL
T3_OTHER,373,h1bdata.info,h1bdata.info,,people-search,,unknown,optery,optery_tier=Custom Removals,People-search-ish without clear free opt-out URL
T3_OTHER,374,hitta.se,hitta.se,,people-search,,unknown,optery,optery_tier=Custom Removals,People-search-ish without clear free opt-out URL
T3_OTHER,375,Identiq,identiqs.com,,Profile Data Broker,,unknown,optery,optery_tier=Custom Removals,People-search-ish without clear free opt-out URL
T3_OTHER,376,image-maps.com,image-maps.com,,people-search,,unknown,optery,optery_tier=Custom Removals,People-search-ish without clear free opt-out URL
T3_OTHER,377,Infobel S.A.,infobel.com,,people-search,,unknown,optery,optery_tier=Custom Removals,People-search-ish without clear free opt-out URL
T3_OTHER,378,JailBase,jailbase.com,,people-search,,unknown,optery,optery_tier=Custom Removals,People-search-ish without clear free opt-out URL
T3_OTHER,379,JobLookup Ltd,joblookup.com.au,,Profile Data Broker,,unknown,optery,optery_tier=Custom Removals,People-search-ish without clear free opt-out URL
T3_OTHER,380,knsee.com,knsee.com,,people-search,,unknown,optery,optery_tier=Custom Removals,People-search-ish without clear free opt-out URL
T3_OTHER,381,LA County Arrest Records,lacountyarrestrecords.org,,people-search,,unknown,optery,optery_tier=Custom Removals,People-search-ish without clear free opt-out URL
T3_OTHER,382,"Ladders, Inc.",theladders.com,,Profile Data Broker,,unknown,optery,optery_tier=Custom Removals,People-search-ish without clear free opt-out URL
T3_OTHER,383,LIS Cross-National Data Center in Luxembourg,lisproject.org,,Profile Data Broker,,unknown,optery,optery_tier=Custom Removals,People-search-ish without clear free opt-out URL
T3_OTHER,384,Locate-Friend,locate-friend.com,,people-search,,unknown,optery,optery_tier=Ultimate,People-search-ish without clear free opt-out URL
T3_OTHER,385,LocateFamily.com,locatefamily.com,,people-search,,unknown,optery,optery_tier=Custom Removals,People-search-ish without clear free opt-out URL
T3_OTHER,386,LocatePeople.org,locatepeople.org,,people-search,,unknown,optery,optery_tier=Custom Removals,People-search-ish without clear free opt-out URL
T3_OTHER,387,Lookify,lookify.io,,people-search,,unknown,optery,optery_tier=Custom Removals,People-search-ish without clear free opt-out URL
T3_OTHER,388,MansionQuest.com,mansionquest.com,,people-search,,unknown,optery,optery_tier=Custom Removals,People-search-ish without clear free opt-out URL
T3_OTHER,389,MarriedDivorce,marrieddivorce.com,,Profile Data Broker,,unknown,optery,optery_tier=Custom Removals,People-search-ish without clear free opt-out URL
T3_OTHER,390,Massachusetts People Records,massachusettspeoplerecords.org,,people-search,,unknown,optery,optery_tier=Custom Removals,People-search-ish without clear free opt-out URL
T3_OTHER,391,MediFind,medifind.com,,Profile Data Broker,,unknown,optery,optery_tier=Custom Removals,People-search-ish without clear free opt-out URL
T3_OTHER,392,Modern Hire,modernhire.com,,Profile Data Broker,,unknown,optery,optery_tier=Custom Removals,People-search-ish without clear free opt-out URL
T3_OTHER,393,My Funny Profile,myfunnyprofile.com,,people-search,,unknown,optery,optery_tier=Custom Removals,People-search-ish without clear free opt-out URL
T3_OTHER,394,Names and Facts,namesandfacts.com,,people-search,,unknown,optery,optery_tier=Custom Removals,People-search-ish without clear free opt-out URL
T3_OTHER,395,ncprofiles.com,ncprofiles.com,,people-search,,unknown,optery,optery_tier=Custom Removals,People-search-ish without clear free opt-out URL
T3_OTHER,396,Newcon,newcon.io,,Profile Data Broker,,unknown,optery,optery_tier=Custom Removals,People-search-ish without clear free opt-out URL
T3_OTHER,397,NewYorkPublicRecords.org,newyorkpublicrecords.org,,people-search,,unknown,optery,optery_tier=Ultimate,People-search-ish without clear free opt-out URL
T3_OTHER,398,NoCallerName,nocallername.com,,people-search,,unknown,optery,optery_tier=Custom Removals,People-search-ish without clear free opt-out URL
T3_OTHER,399,North Dakota People Records,northdakotapeoplerecords.org,,people-search,,unknown,optery,optery_tier=Custom Removals,People-search-ish without clear free opt-out URL
T3_OTHER,400,Numbercom,number.com,,people-search,,unknown,optery,optery_tier=Custom Removals,People-search-ish without clear free opt-out URL
T3_OTHER,401,Old-Friends.co,old-friends.co,,people-search,,unknown,optery,optery_tier=Custom Removals,People-search-ish without clear free opt-out URL
T3_OTHER,402,OldPhoneBook.com,oldphonebook.com,,people-search,,unknown,optery,optery_tier=Custom Removals,People-search-ish without clear free opt-out URL
T3_OTHER,403,"OneTrust, LLC",onetrust.com,,Profile Data Broker,,unknown,optery,optery_tier=Custom Removals,People-search-ish without clear free opt-out URL
T3_OTHER,404,OnlineSearches.com,onlinesearches.com,,people-search,,unknown,optery,optery_tier=Custom Removals,People-search-ish without clear free opt-out URL
T3_OTHER,405,OregonPublicRecords.org,oregonpublicrecords.org,,people-search,,unknown,optery,optery_tier=Ultimate,People-search-ish without clear free opt-out URL
T3_OTHER,406,ParcelLookup.com,parcellookup.com,,people-search,,unknown,optery,optery_tier=Custom Removals,People-search-ish without clear free opt-out URL
T3_OTHER,407,PeepLookup,peeplookup.com,,people-search,,unknown,optery,optery_tier=Custom Removals,People-search-ish without clear free opt-out URL
T3_OTHER,408,PeepsLocator,peepslocator.com,,people-search,,unknown,optery,optery_tier=Custom Removals,People-search-ish without clear free opt-out URL
T3_OTHER,409,People Search Expert,peoplesearchexpert.com,,people-search,,unknown,optery,optery_tier=Ultimate,People-search-ish without clear free opt-out URL
T3_OTHER,410,People-Search.org,people-search.org,,people-search,,unknown,optery,optery_tier=Ultimate,People-search-ish without clear free opt-out URL
T3_OTHER,411,PeopleFastFind,peoplefastfind.com,,people-search,,unknown,optery,optery_tier=Custom Removals,People-search-ish without clear free opt-out URL
T3_OTHER,412,PhoneCheck Pro,phonecheckpro.com,,people-search,,unknown,optery,optery_tier=Custom Removals,People-search-ish without clear free opt-out URL
T3_OTHER,413,PhoneHistory.com,phonehistory.com,,people-search,,unknown,optery,optery_tier=Custom Removals,People-search-ish without clear free opt-out URL
T3_OTHER,414,"PhoneOwner, Inc.",phoneowner.com,,people-search,,unknown,optery,optery_tier=Custom Removals,People-search-ish without clear free opt-out URL
T3_OTHER,415,PimEyes,pimeyes.com,https://pimeyes.com/en/opt-out-request-form,people-search,,yes,yael,requires_dl,Face-search; PimEyes requires DL — optional
T3_OTHER,416,pininthemap.com,pininthemap.com,,people-search,,unknown,optery,optery_tier=Custom Removals,People-search-ish without clear free opt-out URL
T3_OTHER,417,PLCom.net,plcom.net,,people-search,,unknown,optery,optery_tier=Custom Removals,People-search-ish without clear free opt-out URL
T3_OTHER,418,"Point Digital Finance, Inc.",pointcom.com,,Profile Data Broker,,unknown,optery,optery_tier=Custom Removals,People-search-ish without clear free opt-out URL
T3_OTHER,419,"Poshmark, Inc.",poshmark.com,,Profile Data Broker,,unknown,optery,optery_tier=Custom Removals,People-search-ish without clear free opt-out URL
T3_OTHER,420,pplChecker,pplchecker.com,,people-search,,unknown,optery,optery_tier=Custom Removals,People-search-ish without clear free opt-out URL
T3_OTHER,421,Prehired,prehired.io,,Profile Data Broker,,unknown,optery,optery_tier=Custom Removals,People-search-ish without clear free opt-out URL
T3_OTHER,422,ProcessingBordeaux,processingbordeaux.org,,people-search,,unknown,optery,optery_tier=Custom Removals,People-search-ish without clear free opt-out URL
T3_OTHER,423,PROFILE.SYSTEMS,profile.systems,,people-search,,unknown,optery,optery_tier=Core,People-search-ish without clear free opt-out URL
T3_OTHER,424,PublicRecords.info,publicrecords.info,,people-search,,unknown,optery,optery_tier=Custom Removals,People-search-ish without clear free opt-out URL
T3_OTHER,425,PublicRecords360,publicrecords360.com,,people-search,,unknown,eraser,,People-search-ish without clear free opt-out URL
T3_OTHER,426,PublicRecordsCenter,publicrecordscenter.org,,people-search,,unknown,optery,optery_tier=Ultimate,People-search-ish without clear free opt-out URL
T3_OTHER,427,PublicRecordsReviews,publicrecordsreviews.com,,people-search,,unknown,optery,optery_tier=Ultimate,People-search-ish without clear free opt-out URL
T3_OTHER,428,PublicRecordsSearcher.com,publicrecordssearcher.com,,people-search,,unknown,optery,optery_tier=Custom Removals,People-search-ish without clear free opt-out URL
T3_OTHER,429,PublicsRecords,publicsrecords.com,,people-search,,unknown,optery,optery_tier=Ultimate,People-search-ish without clear free opt-out URL
T3_OTHER,430,Quick People Trace,quickpeopletrace.com,,people-search,,unknown,optery,optery_tier=Ultimate,People-search-ish without clear free opt-out URL
T3_OTHER,431,Radaris Germany,radaris.de,,people-search,,unknown,optery,optery_tier=Custom Removals,People-search-ish without clear free opt-out URL
T3_OTHER,432,RealtyVerify,realtyverify.com,,people-search,,unknown,optery,optery_tier=Custom Removals,People-search-ish without clear free opt-out URL
T3_OTHER,433,Reunion.com,reunion.com,,people-search,,unknown,optery,optery_tier=Custom Removals,People-search-ish without clear free opt-out URL
T3_OTHER,434,Reverse Caller Lookup,reversecallerlookup.com,,people-search,,unknown,optery,optery_tier=Custom Removals,People-search-ish without clear free opt-out URL
T3_OTHER,435,Reverselookups.org,reverselookups.org,,people-search,,unknown,optery,optery_tier=Custom Removals,People-search-ish without clear free opt-out URL
T3_OTHER,436,RoboKiller,robokiller.com,,Profile Data Broker,,unknown,optery,optery_tier=Custom Removals,People-search-ish without clear free opt-out URL
T3_OTHER,437,Saavn Media Limited,jiosaavn.com,,Profile Data Broker,,unknown,optery,optery_tier=Custom Removals,People-search-ish without clear free opt-out URL
T3_OTHER,438,SeeThroughNY,opengovny.com,,people-search,,unknown,optery,optery_tier=Custom Removals,People-search-ish without clear free opt-out URL
T3_OTHER,439,Simunix Ltd,ukphonebook.com,,people-search,,unknown,optery,optery_tier=Custom Removals,People-search-ish without clear free opt-out URL
T3_OTHER,440,SlidePlayer,slideplayer.com,,Profile Data Broker,,unknown,optery,optery_tier=Custom Removals,People-search-ish without clear free opt-out URL
T3_OTHER,441,SoundCloud Global Limited &#038; Co. KG,soundcloud.com,,Profile Data Broker,,unknown,optery,optery_tier=Custom Removals,People-search-ish without clear free opt-out URL
T3_OTHER,442,StageResearch,stage-research.net,,people-search,,unknown,optery,optery_tier=Custom Removals,People-search-ish without clear free opt-out URL
T3_OTHER,443,StateCourts,statecourts.org,,people-search,,unknown,optery,optery_tier=Extended,People-search-ish without clear free opt-out URL
T3_OTHER,444,Sysoon,sysoon.com,,people-search,,unknown,optery,optery_tier=Custom Removals,People-search-ish without clear free opt-out URL
T3_OTHER,445,Telguarder AS,telguarder.com,,people-search,,unknown,optery,optery_tier=Custom Removals,People-search-ish without clear free opt-out URL
T3_OTHER,446,"The Georgia Gazette, LLC",thegeorgiagazette.com,,people-search,,unknown,optery,optery_tier=Custom Removals,People-search-ish without clear free opt-out URL
T3_OTHER,447,ThisNumber.com,thisnumber.com,,people-search,,unknown,optery,optery_tier=Custom Removals,People-search-ish without clear free opt-out URL
T3_OTHER,448,Top4Backgroundchecks,top4backgroundchecks.com,,people-search,,unknown,optery,optery_tier=Ultimate,People-search-ish without clear free opt-out URL
T3_OTHER,449,Transparent Nevada,transparentnevada.com,,people-search,,unknown,optery,optery_tier=Custom Removals,People-search-ish without clear free opt-out URL
T3_OTHER,450,U.S. Visa Information Service,us-info.com,,Profile Data Broker,,unknown,optery,optery_tier=Custom Removals,People-search-ish without clear free opt-out URL
T3_OTHER,451,US People Search,uspeoplesearch.com,,people-search,,unknown,optery,optery_tier=Custom Removals,People-search-ish without clear free opt-out URL
T3_OTHER,452,US Phone Pro,usphonepro.com,,people-search,,unknown,optery,optery_tier=Custom Removals,People-search-ish without clear free opt-out URL
T3_OTHER,453,USAPhonesBook,usaphonesbook.com,,people-search,,unknown,optery,optery_tier=Custom Removals,People-search-ish without clear free opt-out URL
T3_OTHER,454,USAWhitepages,usawhitepages.com,,people-search,,unknown,optery,optery_tier=Custom Removals,People-search-ish without clear free opt-out URL
T3_OTHER,455,USPhoneLookup,usphonelookup.com,,people-search,,unknown,optery,optery_tier=Core | optery_tier=Custom Removals,People-search-ish without clear free opt-out URL
T3_OTHER,456,Valid Number,validnumber.com,,people-search,,unknown,optery,optery_tier=Custom Removals,People-search-ish without clear free opt-out URL
T3_OTHER,457,VerifyPublicRecords.com,verifypublicrecords.com,,people-search,,unknown,optery,optery_tier=Extended,People-search-ish without clear free opt-out URL
T3_OTHER,458,Veromi,veromi.net,,people-search,,unknown,eraser,,People-search-ish without clear free opt-out URL
T3_OTHER,459,Whoseno,whoseno.com,,people-search,,unknown,optery,optery_tier=Custom Removals,People-search-ish without clear free opt-out URL
T3_OTHER,460,Yellowbook,yellowbook.com,,people-search,,unknown,optery,optery_tier=Custom Removals,People-search-ish without clear free opt-out URL
T3_OTHER,461,"YouMail, Inc.",youmail.com,,people-search,,unknown,optery,optery_tier=Custom Removals,People-search-ish without clear free opt-out URL
T3_OTHER,462,ZoSearch,zosearch.com,,people-search,,unknown,optery,optery_tier=Custom Removals,People-search-ish without clear free opt-out URL
T3_OTHER,463,"Zumper, Inc.",zumper.com,,Profile Data Broker,,unknown,optery,optery_tier=Custom Removals,People-search-ish without clear free opt-out URL
T4_MARKETING,464,01Advertising Inc.,01advertising.com,https://app.termly.io/notify/d1321341-0e82-4d8c-afaf-c4940d46c171,marketing,,yes,eraser,Marketing/adtech — FL/non-CA: prefer universal free suppression over CA-only DROP portals. Catalog includes top eraser marketing entries; eraser has 733 total marketing.,Marketing/adtech broker — lower priority for people-SERP suppression
T4_MARKETING,465,"180 By Two, LLC",180bytwo.com,https://privacyportal.onetrust.com/webform/e32c5e49-85c5-4969-bfa8-8cde49952e1f/6034339d-69de-41fc-829f-7b8b51d9fabe,marketing,,yes,eraser,Marketing/adtech — FL/non-CA: prefer universal free suppression over CA-only DROP portals. Catalog includes top eraser marketing entries; eraser has 733 total marketing.,Marketing/adtech broker — lower priority for people-SERP suppression
T4_MARKETING,466,33ACROSS Inc,33across.com,https://www.33across.com/wp-content/uploads/2020/04/33Across-CCPA-Notice-Collection-Policy_US.pdf,marketing,,yes,eraser,Marketing/adtech — FL/non-CA: prefer universal free suppression over CA-only DROP portals. Catalog includes top eraser marketing entries; eraser has 733 total marketing.,Marketing/adtech broker — lower priority for people-SERP suppression
T4_MARKETING,467,4C Insights Inc.,mediaocean.com,https://www.mediaocean.com/your-privacy-rights,marketing,,yes,eraser,Marketing/adtech — FL/non-CA: prefer universal free suppression over CA-only DROP portals. Catalog includes top eraser marketing entries; eraser has 733 total marketing.,Marketing/adtech broker — lower priority for people-SERP suppression
T4_MARKETING,468,"4Eyes.Ai, Inc.",4-eyes.ai,https://www.4-eyes.ai/privacy-policy?cord_section=privacy_options_dns,marketing,,yes,eraser,Marketing/adtech — FL/non-CA: prefer universal free suppression over CA-only DROP portals. Catalog includes top eraser marketing entries; eraser has 733 total marketing.,Marketing/adtech broker — lower priority for people-SERP suppression
T4_MARKETING,469,4Legalleads,4legalleads.com,https://www.4legalleads.com/removal,marketing,,yes,eraser,Marketing/adtech — FL/non-CA: prefer universal free suppression over CA-only DROP portals. Catalog includes top eraser marketing entries; eraser has 733 total marketing.,Marketing/adtech broker — lower priority for people-SERP suppression
T4_MARKETING,470,6SENSE INSIGHTS Inc,6sense.com,https://6sense.com/privacy-center/,marketing,,yes,eraser,Marketing/adtech — FL/non-CA: prefer universal free suppression over CA-only DROP portals. Catalog includes top eraser marketing entries; eraser has 733 total marketing.,Marketing/adtech broker — lower priority for people-SERP suppression
T4_MARKETING,471,"Above Data, Inc.",abovedata.io,,marketing,,unknown,eraser,Marketing/adtech — FL/non-CA: prefer universal free suppression over CA-only DROP portals. Catalog includes top eraser marketing entries; eraser has 733 total marketing.,Marketing/adtech broker — lower priority for people-SERP suppression
T4_MARKETING,472,Accenture LLP,accenture.com,https://www.accenture.com/us-en/support/form-do-not-sell-my-personal-information,marketing,,yes,eraser,Marketing/adtech — FL/non-CA: prefer universal free suppression over CA-only DROP portals. Catalog includes top eraser marketing entries; eraser has 733 total marketing.,Marketing/adtech broker — lower priority for people-SERP suppression
T4_MARKETING,473,Accurate Append Inc.,accurateappend.com,https://clients.accurateappend.com/Public/OptOut,marketing,,yes,eraser,Marketing/adtech — FL/non-CA: prefer universal free suppression over CA-only DROP portals. Catalog includes top eraser marketing entries; eraser has 733 total marketing.,Marketing/adtech broker — lower priority for people-SERP suppression
T4_MARKETING,474,ACE Agents,aceagents.ai,https://www.aceagents.ai/privacy,marketing,,yes,optery,Marketing/adtech from Optery — FL/non-CA: prefer universal free suppression. Sample only; Optery has 285 Marketing entries.,Marketing/adtech broker — lower priority for people-SERP suppression
T4_MARKETING,475,ACE Agents Inc.,degree.me,,marketing,,unknown,eraser,Marketing/adtech — FL/non-CA: prefer universal free suppression over CA-only DROP portals. Catalog includes top eraser marketing entries; eraser has 733 total marketing.,Marketing/adtech broker — lower priority for people-SERP suppression
T4_MARKETING,476,ACRONYMIX LLC,acronymix.com,,marketing,,unknown,eraser,Marketing/adtech — FL/non-CA: prefer universal free suppression over CA-only DROP portals. Catalog includes top eraser marketing entries; eraser has 733 total marketing.,Marketing/adtech broker — lower priority for people-SERP suppression
T4_MARKETING,477,"Activimpact, LLC",activimpact.ai,https://www.activimpact.ai/dsar?hsLang=en,marketing,,yes,eraser,Marketing/adtech — FL/non-CA: prefer universal free suppression over CA-only DROP portals. Catalog includes top eraser marketing entries; eraser has 733 total marketing.,Marketing/adtech broker — lower priority for people-SERP suppression
T4_MARKETING,478,"Acuant, Inc.",idology.com,,marketing,,unknown,eraser,Marketing/adtech — FL/non-CA: prefer universal free suppression over CA-only DROP portals. Catalog includes top eraser marketing entries; eraser has 733 total marketing.,Marketing/adtech broker — lower priority for people-SERP suppression
T4_MARKETING,479,"ACUTRAQ Background Screening, Inc.",acutraq.com,,marketing,,unknown,eraser,Marketing/adtech — FL/non-CA: prefer universal free suppression over CA-only DROP portals. Catalog includes top eraser marketing entries; eraser has 733 total marketing.,Marketing/adtech broker — lower priority for people-SERP suppression
T4_MARKETING,480,Acxiom,acxiom.com,https://www.acxiom.com/optout/,marketing,,yes,yael,high_priority || FL/non-CA: prefer universal free suppression over CA-only DROP portals,Marketing/adtech broker — use universal suppression; prefer non-CA-only portals (FL guidance)
T4_MARKETING,481,Adadapted Inc.,adadapted.com,https://www.adadapted.com/legal/do-not-sell,marketing,,yes,eraser,Marketing/adtech — FL/non-CA: prefer universal free suppression over CA-only DROP portals. Catalog includes top eraser marketing entries; eraser has 733 total marketing.,Marketing/adtech broker — lower priority for people-SERP suppression
T4_MARKETING,482,Address Clearing House,achcoop.com,https://www.achcoop.com/do-not-sell-my-personal-info,marketing,,yes,eraser,Marketing/adtech — FL/non-CA: prefer universal free suppression over CA-only DROP portals. Catalog includes top eraser marketing entries; eraser has 733 total marketing.,Marketing/adtech broker — lower priority for people-SERP suppression
T4_MARKETING,483,"Adept Id, Inc.",adept-id.com,https://www.adept-id.com/opt-out-preferences/,marketing,,yes,eraser,Marketing/adtech — FL/non-CA: prefer universal free suppression over CA-only DROP portals. Catalog includes top eraser marketing entries; eraser has 733 total marketing.,Marketing/adtech broker — lower priority for people-SERP suppression
T4_MARKETING,484,"Adrea Rubin Marketing, Inc.",adrearubin.com,,marketing,,unknown,eraser,Marketing/adtech — FL/non-CA: prefer universal free suppression over CA-only DROP portals. Catalog includes top eraser marketing entries; eraser has 733 total marketing.,Marketing/adtech broker — lower priority for people-SERP suppression
T4_MARKETING,485,Adsquare GmbH,adsquare.com,https://adsquare.com/privacy/us_privacy_supplement/#goto-contact-us,marketing,,yes,eraser,Marketing/adtech — FL/non-CA: prefer universal free suppression over CA-only DROP portals. Catalog includes top eraser marketing entries; eraser has 733 total marketing.,Marketing/adtech broker — lower priority for people-SERP suppression
T4_MARKETING,486,Adttribution,adttribution.com,https://www.adttribution.com/opt-out.html,marketing,,yes,optery,Marketing/adtech from Optery — FL/non-CA: prefer universal free suppression. Sample only; Optery has 285 Marketing entries.,Marketing/adtech broker — lower priority for people-SERP suppression
T4_MARKETING,487,"Advantage Credit, Inc.",advcredit.com,,marketing,,unknown,eraser,Marketing/adtech — FL/non-CA: prefer universal free suppression over CA-only DROP portals. Catalog includes top eraser marketing entries; eraser has 733 total marketing.,Marketing/adtech broker — lower priority for people-SERP suppression
T4_MARKETING,488,Advantage Sales & Marketing LLC,take5mg.com,,marketing,,unknown,eraser,Marketing/adtech — FL/non-CA: prefer universal free suppression over CA-only DROP portals. Catalog includes top eraser marketing entries; eraser has 733 total marketing.,Marketing/adtech broker — lower priority for people-SERP suppression
T4_MARKETING,489,"Advisortarget, LLC",finsum.com,https://www.finsum.com/index.php/what-we-do/your-privacy-choices,marketing,,yes,eraser,Marketing/adtech — FL/non-CA: prefer universal free suppression over CA-only DROP portals. Catalog includes top eraser marketing entries; eraser has 733 total marketing.,Marketing/adtech broker — lower priority for people-SERP suppression
T4_MARKETING,490,AFFINITY ANSWERS CORPORATION,affinityanswers.com,https://www.affinityanswers.com/your-privacy-choices/,marketing,,yes,eraser,Marketing/adtech — FL/non-CA: prefer universal free suppression over CA-only DROP portals. Catalog includes top eraser marketing entries; eraser has 733 total marketing.,Marketing/adtech broker — lower priority for people-SERP suppression
T4_MARKETING,491,Affinity Solutions Inc.,affinity.solutions,https://affinitysolutions-privacy.my.onetrust.com/webform/a564cfa1-53bf-4c10-bf95-cd907432d7e8/7e4e6bf3-6562-454e-8c73-6a7bd1f4b336,marketing,,yes,eraser,Marketing/adtech — FL/non-CA: prefer universal free suppression over CA-only DROP portals. Catalog includes top eraser marketing entries; eraser has 733 total marketing.,Marketing/adtech broker — lower priority for people-SERP suppression
T4_MARKETING,492,"Aged Solar Leads, LLC",agedsolarleads.com,https://agedsolarleads.com/privacy-policy/,marketing,,yes,optery,Marketing/adtech from Optery — FL/non-CA: prefer universal free suppression. Sample only; Optery has 285 Marketing entries.,Marketing/adtech broker — lower priority for people-SERP suppression
T4_MARKETING,493,AGR Marketing Solutions LLC,agrmarketingsolutions.com,,marketing,,unknown,eraser,Marketing/adtech — FL/non-CA: prefer universal free suppression over CA-only DROP portals. Catalog includes top eraser marketing entries; eraser has 733 total marketing.,Marketing/adtech broker — lower priority for people-SERP suppression
T4_MARKETING,494,"Aidentified, Inc.",aidentified.com,https://www.aidentified.com/delete-my-data,marketing,,yes,eraser,Marketing/adtech — FL/non-CA: prefer universal free suppression over CA-only DROP portals. Catalog includes top eraser marketing entries; eraser has 733 total marketing.,Marketing/adtech broker — lower priority for people-SERP suppression
T4_MARKETING,495,AIS Portfolio Services LLC,aisinfo.com,https://www.aisinfo.com/privacy?hsLang=en#california-privacy-rights,marketing,,yes,eraser,Marketing/adtech — FL/non-CA: prefer universal free suppression over CA-only DROP portals. Catalog includes top eraser marketing entries; eraser has 733 total marketing.,Marketing/adtech broker — lower priority for people-SERP suppression
T4_MARKETING,496,ALC LLC,belardiwong.com,https://privacyportal.onetrust.com/webform/3d2d5e0c-bd98-46b8-906c-ede68a6f6a80/400f54ed-fcbb-4749-ab5b-32f491c72390,marketing,,yes,eraser,Marketing/adtech — FL/non-CA: prefer universal free suppression over CA-only DROP portals. Catalog includes top eraser marketing entries; eraser has 733 total marketing.,Marketing/adtech broker — lower priority for people-SERP suppression
T4_MARKETING,497,Alliant,alliantinsight.com,https://privacyportal-cdn.onetrust.com/dsarwebform/591ac1c1-3a1e-496f-9e43-ff4afb5fef85/2b52262e-8ada-4725-b86e-e4b960336f96.html,marketing,,yes,optery,Marketing/adtech from Optery — FL/non-CA: prefer universal free suppression. Sample only; Optery has 285 Marketing entries.,Marketing/adtech broker — lower priority for people-SERP suppression
T4_MARKETING,498,Alphonso,alphonso.tv,https://choice.alphonso.tv/donotsell,marketing,,yes,optery,Marketing/adtech from Optery — FL/non-CA: prefer universal free suppression. Sample only; Optery has 285 Marketing entries.,Marketing/adtech broker — lower priority for people-SERP suppression
T4_MARKETING,499,AmOne,amone.com,https://apply.amone.com/privacy.asp,marketing,,yes,optery,Marketing/adtech from Optery — FL/non-CA: prefer universal free suppression. Sample only; Optery has 285 Marketing entries.,Marketing/adtech broker — lower priority for people-SERP suppression
T4_MARKETING,500,ANCHOR,anchorcomputer.com,https://ecom2.anchorcomputer.com/ccpa,marketing,,yes,optery,Marketing/adtech from Optery — FL/non-CA: prefer universal free suppression. Sample only; Optery has 285 Marketing entries.,Marketing/adtech broker — lower priority for people-SERP suppression
T4_MARKETING,501,Anteriad,anteriad.com,https://info.anteriad.com/marketing-data-unsubscribe-page,marketing,,yes,optery,Marketing/adtech from Optery — FL/non-CA: prefer universal free suppression. Sample only; Optery has 285 Marketing entries.,Marketing/adtech broker — lower priority for people-SERP suppression
T4_MARKETING,502,Apartments.com,apartments.com,https://www.apartments.com/grow/about/do-not-sell-my-personal-information-california-residents,marketing,,yes,optery,Marketing/adtech from Optery — FL/non-CA: prefer universal free suppression. Sample only; Optery has 285 Marketing entries.,Marketing/adtech broker — lower priority for people-SERP suppression
T4_MARKETING,503,Attribits,attribits.com,https://www.attribits.com/do-not-sell,marketing,,yes,optery,Marketing/adtech from Optery — FL/non-CA: prefer universal free suppression. Sample only; Optery has 285 Marketing entries.,Marketing/adtech broker — lower priority for people-SERP suppression
T4_MARKETING,504,Audiencerate,audiencerate.com,https://www.audiencerate.com/optout,marketing,,yes,optery,Marketing/adtech from Optery — FL/non-CA: prefer universal free suppression. Sample only; Optery has 285 Marketing entries.,Marketing/adtech broker — lower priority for people-SERP suppression
T4_MARKETING,505,AWL,awl.com,https://dnc.allwebleads.com/Unsubscribe,marketing,,yes,optery,Marketing/adtech from Optery — FL/non-CA: prefer universal free suppression. Sample only; Optery has 285 Marketing entries.,Marketing/adtech broker — lower priority for people-SERP suppression
T4_MARKETING,506,BDO,bdo.com,https://www.bdo.com/consumer-request-form,marketing,,yes,optery,Marketing/adtech from Optery — FL/non-CA: prefer universal free suppression. Sample only; Optery has 285 Marketing entries.,Marketing/adtech broker — lower priority for people-SERP suppression
T4_MARKETING,507,Big Village,big-village.com,https://big-village.com/do-not-sell-or-share-my-personal-information/,marketing,,yes,optery,Marketing/adtech from Optery — FL/non-CA: prefer universal free suppression. Sample only; Optery has 285 Marketing entries.,Marketing/adtech broker — lower priority for people-SERP suppression
T4_MARKETING,508,Blue Action,blueaction.io,https://request.blueaction.io/,marketing,,yes,optery,Marketing/adtech from Optery — FL/non-CA: prefer universal free suppression. Sample only; Optery has 285 Marketing entries.,Marketing/adtech broker — lower priority for people-SERP suppression
T4_MARKETING,509,BrooksIM,brooksim.com,https://www.brooksim.com/privacy-form,marketing,,yes,optery,Marketing/adtech from Optery — FL/non-CA: prefer universal free suppression. Sample only; Optery has 285 Marketing entries.,Marketing/adtech broker — lower priority for people-SERP suppression
T4_MARKETING,510,Buildertrend,buildertrend.com,https://buildertrend.com/privacy-policy/,marketing,,yes,optery,Marketing/adtech from Optery — FL/non-CA: prefer universal free suppression. Sample only; Optery has 285 Marketing entries.,Marketing/adtech broker — lower priority for people-SERP suppression
T4_MARKETING,511,CareerBuilder,careerbuilder.com,https://edge.careerbuilder.com/optout,marketing,,yes,optery,Marketing/adtech from Optery — FL/non-CA: prefer universal free suppression. Sample only; Optery has 285 Marketing entries.,Marketing/adtech broker — lower priority for people-SERP suppression
T4_MARKETING,512,Censia,censia.com,https://docs.google.com/forms/d/1VhF33VAQG4AmUqBWf7e3m8fw17h9ek64EtQXnuuBQcA/viewform,marketing,,yes,optery,Marketing/adtech from Optery — FL/non-CA: prefer universal free suppression. Sample only; Optery has 285 Marketing entries.,Marketing/adtech broker — lower priority for people-SERP suppression
T4_MARKETING,513,Choreograph,choreograph.com,https://amer-cpp.choreograph.com/manage-your-data/do-not-sell,marketing,,yes,optery,Marketing/adtech from Optery — FL/non-CA: prefer universal free suppression. Sample only; Optery has 285 Marketing entries.,Marketing/adtech broker — lower priority for people-SERP suppression
T4_MARKETING,514,CITYDATA,citydata.ai,https://citydata.ai/privacy/do_not_sell_personal_information/,marketing,,yes,optery,Marketing/adtech from Optery — FL/non-CA: prefer universal free suppression. Sample only; Optery has 285 Marketing entries.,Marketing/adtech broker — lower priority for people-SERP suppression
T4_MARKETING,515,Civis,civisanalytics.com,https://docs.google.com/forms/d/e/1FAIpQLSfvUYww9wEK9Y4F6VY3nQtm0bBS8QTdcDthet6WAKDYqnnwHA/viewform,marketing,,yes,optery,Marketing/adtech from Optery — FL/non-CA: prefer universal free suppression. Sample only; Optery has 285 Marketing entries.,Marketing/adtech broker — lower priority for people-SERP suppression
T4_MARKETING,516,Claritas,claritas.com,https://privacyportal.onetrust.com/webform/68582716-6ce4-4f6e-bf08-78371b5f3292/6c7dc52d-0e2b-481f-9256-0755179e3783.html,marketing,,yes,optery,Marketing/adtech from Optery — FL/non-CA: prefer universal free suppression. Sample only; Optery has 285 Marketing entries.,Marketing/adtech broker — lower priority for people-SERP suppression
T4_MARKETING,517,CML Medical,completemedicallists.com,https://www.completemedicallists.com/ccpa.php,marketing,,yes,optery,Marketing/adtech from Optery — FL/non-CA: prefer universal free suppression. Sample only; Optery has 285 Marketing entries.,Marketing/adtech broker — lower priority for people-SERP suppression
T4_MARKETING,518,Compile,compile.com,https://www.compile.com/hcp-opt-out/,marketing,,yes,optery,Marketing/adtech from Optery — FL/non-CA: prefer universal free suppression. Sample only; Optery has 285 Marketing entries.,Marketing/adtech broker — lower priority for people-SERP suppression
T4_MARKETING,519,CoreLogic,corelogic.com,,marketing,,unknown,eraser,Marketing/adtech — FL/non-CA: prefer universal free suppression over CA-only DROP portals. Catalog includes top eraser marketing entries; eraser has 733 total marketing.,Marketing/adtech broker — lower priority for people-SERP suppression
T4_MARKETING,520,Epsilon Data Management,epsilon.com,https://www.epsilon.com/privacy/consumer-preference-center,marketing,,yes,eraser,Marketing/adtech — FL/non-CA: prefer universal free suppression over CA-only DROP portals. Catalog includes top eraser marketing entries; eraser has 733 total marketing.,Marketing/adtech broker — lower priority for people-SERP suppression
T4_MARKETING,521,Equifax Marketing Services,equifax.com,https://www.equifax.com/personal/education/identity/opt-out-prescreen/,marketing,,yes,eraser,Marketing/adtech — FL/non-CA: prefer universal free suppression over CA-only DROP portals. Catalog includes top eraser marketing entries; eraser has 733 total marketing.,Marketing/adtech broker — lower priority for people-SERP suppression
T4_MARKETING,522,Experian Marketing Services,experian.com,https://www.experian.com/privacy/opting_out,marketing,,yes,eraser,Marketing/adtech — FL/non-CA: prefer universal free suppression over CA-only DROP portals. Catalog includes top eraser marketing entries; eraser has 733 total marketing.,Marketing/adtech broker — lower priority for people-SERP suppression
T4_MARKETING,523,LiveRamp,liveramp.com,https://liveramp.com/opt_out/,marketing,,yes,eraser,Marketing/adtech — FL/non-CA: prefer universal free suppression over CA-only DROP portals. Catalog includes top eraser marketing entries; eraser has 733 total marketing.,Marketing/adtech broker — lower priority for people-SERP suppression
T4_MARKETING,524,Lotame,lotame.com,https://www.lotame.com/about-lotame/privacy/opt-out/,marketing,,yes,eraser,Marketing/adtech — FL/non-CA: prefer universal free suppression over CA-only DROP portals. Catalog includes top eraser marketing entries; eraser has 733 total marketing.,Marketing/adtech broker — lower priority for people-SERP suppression
T4_MARKETING,525,Nielsen,nielsen.com,https://www.nielsen.com/us/en/legal/privacy-statement/,marketing,,yes,eraser,Marketing/adtech — FL/non-CA: prefer universal free suppression over CA-only DROP portals. Catalog includes top eraser marketing entries; eraser has 733 total marketing.,Marketing/adtech broker — lower priority for people-SERP suppression
T4_MARKETING,526,"Open Dealer Exchange, LLC",700credit.com,,marketing,,unknown,eraser,Marketing/adtech — FL/non-CA: prefer universal free suppression over CA-only DROP portals. Catalog includes top eraser marketing entries; eraser has 733 total marketing.,Marketing/adtech broker — lower priority for people-SERP suppression
T4_MARKETING,527,Tapad (Experian),tapad.com,https://www.tapad.com/privacy-policy,marketing,,yes,eraser,Marketing/adtech — FL/non-CA: prefer universal free suppression over CA-only DROP portals. Catalog includes top eraser marketing entries; eraser has 733 total marketing.,Marketing/adtech broker — lower priority for people-SERP suppression
T4_MARKETING,528,TowerData,towerdata.com,https://www.towerdata.com/company/privacy_policy,marketing,,yes,eraser,Marketing/adtech — FL/non-CA: prefer universal free suppression over CA-only DROP portals. Catalog includes top eraser marketing entries; eraser has 733 total marketing.,Marketing/adtech broker — lower priority for people-SERP suppression
T4_MARKETING,529,TransUnion Marketing,transunion.com,,marketing,,unknown,eraser,Marketing/adtech — FL/non-CA: prefer universal free suppression over CA-only DROP portals. Catalog includes top eraser marketing entries; eraser has 733 total marketing.,Marketing/adtech broker — lower priority for people-SERP suppression
T4_B2B,530,Checkr,checkr.com,,background-check-b2b,,unknown,eraser,,B2B employment/credit background — lower priority for free people-SERP suppression
T4_B2B,531,GoodHire,goodhire.com,,background-check-b2b,,unknown,eraser,,B2B employment/credit background — lower priority for free people-SERP suppression
T4_B2B,532,"HireRight, LLC",hireright.com,https://www.hireright.com/legal/united-states-opt-out-rights-outside-of-california,background-check-b2b,,yes,eraser;optery,aliases: HireRight || optery_tier=Custom Removals,B2B employment/credit background — lower priority for free people-SERP suppression
T4_B2B,533,LexisNexis Risk Solutions,risk.lexisnexis.com,https://optout.lexisnexis.com,background-check-b2b,,yes,eraser,,B2B employment/credit background — lower priority for free people-SERP suppression
T4_B2B,534,Sterling,sterlingcheck.com,,background-check-b2b,,unknown,eraser,,B2B employment/credit background — lower priority for free people-SERP suppression
T4_B2B,535,ZoomInfo,zoominfo.com,,background-check-b2b,,unknown,curated-ensure,,B2B employment/credit background — lower priority for free people-SERP suppression
SKIP,9999,"Searchbug, Inc.",searchbug.com,https://www.searchbug.com/ccpa.aspx,people-search,,no,optery;yael,aliases: Searchbug || optery_tier=Custom Removals | charges_money,Paid access/removal product (Yael 💰) — SKIP free-suppression workflow
SKIP,9999,SpyFly,spyfly.com,https://www.spyfly.com/help-center/privacy-requests,people-search,,no,optery;yael,optery_tier=Extended | charges_money,Paid/charged removal practices (Yael 💰) — SKIP
